Price,Adj Close,Close,High,Low,Open,Volume
Ticker,AAPL,AAPL,AAPL,AAPL,AAPL,AAPL
Date,,,,,,
2015-01-02,24.171754837036133,27.332500457763672,27.860000610351562,26.837499618530273,27.84749984741211,212818400
2015-01-05,23.490798950195312,26.5625,27.162500381469727,26.352500915527344,27.072500228881836,257142000
2015-01-06,23.493009567260742,26.565000534057617,26.857500076293945,26.157499313354492,26.635000228881836,263188400
2015-01-07,23.822433471679688,26.9375,27.049999237060547,26.674999237060547,26.799999237060547,160423600
2015-01-08,24.737741470336914,27.97249984741211,28.037500381469727,27.174999237060547,27.3075008392334,237458000
2015-01-09,24.764286041259766,28.002500534057617,28.3125,27.552499771118164,28.167499542236328,214798000
2015-01-12,24.154069900512695,27.3125,28.157499313354492,27.200000762939453,28.149999618530273,198603200
2015-01-13,24.3685245513916,27.55500030517578,28.200000762939453,27.227500915527344,27.857500076293945,268367600
2015-01-14,24.27566909790039,27.450000762939453,27.622499465942383,27.125,27.260000228881836,195826400
2015-01-15,23.616819381713867,26.704999923706055,27.514999389648438,26.665000915527344,27.5,240056000
2015-01-16,23.43331527709961,26.497499465942383,26.895000457763672,26.299999237060547,26.75749969482422,314053200
2015-01-20,24.036893844604492,27.18000030517578,27.24250030517578,26.625,26.959999084472656,199599600
2015-01-21,24.22039222717285,27.387500762939453,27.764999389648438,27.0674991607666,27.237499237060547,194303600
2015-01-22,24.850505828857422,28.100000381469727,28.11750030517578,27.43000030517578,27.565000534057617,215185600
2015-01-23,24.978744506835938,28.2450008392334,28.4375,27.88249969482422,28.075000762939453,185859200
2015-01-26,25.00527000427246,28.274999618530273,28.59000015258789,28.200000762939453,28.434999465942383,222460000
2015-01-27,24.1297550201416,27.28499984741211,28.1200008392334,27.25749969482422,28.104999542236328,382274800
2015-01-28,25.493873596191406,28.827499389648438,29.530000686645508,28.827499389648438,29.407499313354492,585908400
2015-01-29,26.2875919342041,29.725000381469727,29.797500610351562,28.889999389648438,29.079999923706055,337745600
2015-01-30,25.902889251708984,29.290000915527344,30.0,29.212499618530273,29.600000381469727,334982000
2015-02-02,26.22789192199707,29.657499313354492,29.792499542236328,29.020000457763672,29.512500762939453,250956400
2015-02-03,26.232315063476562,29.662500381469727,29.772499084472656,29.40250015258789,29.625,207662800
2015-02-04,26.433507919311523,29.889999389648438,30.127500534057617,29.577499389648438,29.625,280598800
2015-02-05,26.622173309326172,29.985000610351562,30.0575008392334,29.8125,30.0049991607666,168984800
2015-02-06,26.397993087768555,29.732500076293945,30.0625,29.612499237060547,30.0049991607666,174826400
2015-02-09,26.573345184326172,29.93000030517578,29.959999084472656,29.607500076293945,29.637500762939453,155559200
2015-02-10,27.08385467529297,30.5049991607666,30.537500381469727,30.040000915527344,30.042499542236328,248034000
2015-02-11,27.718664169311523,31.219999313354492,31.229999542236328,30.625,30.6924991607666,294247200
2015-02-12,28.069372177124023,31.614999771118164,31.8700008392334,31.392499923706055,31.514999389648438,297898000
2015-02-13,28.206985473632812,31.770000457763672,31.81999969482422,31.412500381469727,31.81999969482422,217088800
2015-02-17,28.37345314025879,31.957500457763672,32.220001220703125,31.729999542236328,31.872499465942383,252609600
2015-02-18,28.571002960205078,32.18000030517578,32.19499969482422,31.862499237060547,31.907499313354492,179566800
2015-02-19,28.511083602905273,32.11249923706055,32.25749969482422,32.08250045776367,32.119998931884766,149449600
2015-02-20,28.744144439697266,32.375,32.375,32.01250076293945,32.154998779296875,195793600
2015-02-23,29.5210018157959,33.25,33.25,32.415000915527344,32.505001068115234,283896400
2015-02-24,29.336772918701172,33.04249954223633,33.400001525878906,32.79249954223633,33.23500061035156,276912400
2015-02-25,28.58654022216797,32.1974983215332,32.900001525878906,32.037498474121094,32.88999938964844,298846800
2015-02-26,28.94833755493164,32.60499954223633,32.717498779296875,31.65250015258789,32.1974983215332,365150000
2015-02-27,28.51329803466797,32.1150016784668,32.64250183105469,32.060001373291016,32.5,248059200
2015-03-02,28.653121948242188,32.272499084472656,32.56999969482422,32.07500076293945,32.3125,192386800
2015-03-03,28.713071823120117,32.34000015258789,32.380001068115234,32.022499084472656,32.2400016784668,151265200
2015-03-04,28.531051635742188,32.1349983215332,32.38999938964844,32.08000183105469,32.275001525878906,126665200
2015-03-05,28.05826759338379,31.602500915527344,32.1875,31.440000534057617,32.14500045776367,226068400
2015-03-06,28.10044288635254,31.649999618530273,32.342498779296875,31.565000534057617,32.099998474121094,291368400
2015-03-09,28.22031021118164,31.78499984741211,32.39250183105469,31.264999389648438,31.989999771118164,354114000
2015-03-10,27.63654136657715,31.127500534057617,31.80500030517578,30.950000762939453,31.602500915527344,275426400
2015-03-11,27.1326904296875,30.559999465942383,31.1924991607666,30.52750015258789,31.1875,275756000
2015-03-12,27.623226165771484,31.112499237060547,31.225000381469727,30.407499313354492,30.577499389648438,193450800
2015-03-13,27.432334899902344,30.897499084472656,31.350000381469727,30.645000457763672,31.100000381469727,207309200
2015-03-16,27.734203338623047,31.237499237060547,31.237499237060547,30.717500686645508,30.969999313354492,143497200
2015-03-17,28.198110580444336,31.760000228881836,31.829999923706055,31.412500381469727,31.475000381469727,204092400
2015-03-18,28.515518188476562,32.11750030517578,32.290000915527344,31.592500686645508,31.75,261083600
2015-03-19,28.300207138061523,31.875,32.3125,31.850000381469727,32.1875,183238000
2015-03-20,27.945070266723633,31.475000381469727,32.099998474121094,31.290000915527344,32.0625,274780400
2015-03-23,28.235841751098633,31.802499771118164,31.962499618530273,31.6299991607666,31.780000686645508,150838800
2015-03-24,28.12041473388672,31.672500610351562,32.0099983215332,31.639999389648438,31.8075008392334,131369200
2015-03-25,27.385726928710938,30.844999313354492,31.704999923706055,30.844999313354492,31.635000228881836,206620800
2015-03-26,27.576614379882812,31.059999465942383,31.219999313354492,30.649999618530273,30.690000534057617,190291600
2015-03-27,27.35687255859375,30.8125,31.174999237060547,30.727500915527344,31.142499923706055,158184800
2015-03-30,28.049388885498047,31.592500686645508,31.600000381469727,31.0,31.012500762939453,188398800
2015-03-31,27.618783950805664,31.107500076293945,31.622499465942383,31.09000015258789,31.522499084472656,168362400
2015-04-01,27.57883071899414,31.0625,31.280000686645508,30.774999618530273,31.204999923706055,162485600
2015-04-02,27.816329956054688,31.329999923706055,31.389999389648438,31.047500610351562,31.25749969482422,128880400
2015-04-06,28.266921997070312,31.837499618530273,31.877500534057617,31.082500457763672,31.11750030517578,148776000
2015-04-07,27.969484329223633,31.502500534057617,32.029998779296875,31.4950008392334,31.90999984741211,140049200
2015-04-08,27.87847900390625,31.399999618530273,31.600000381469727,31.24250030517578,31.462499618530273,149316800
2015-04-09,28.091564178466797,31.639999389648438,31.645000457763672,31.165000915527344,31.462499618530273,129936000
2015-04-10,28.2114315032959,31.774999618530273,31.802499771118164,31.315000534057617,31.487499237060547,160752000
2015-04-13,28.15593147277832,31.712499618530273,32.14250183105469,31.65250015258789,32.092498779296875,145460400
2015-04-14,28.033855438232422,31.575000762939453,31.822500228881836,31.477500915527344,31.75,102098400
2015-04-15,28.140396118164062,31.69499969482422,31.782499313354492,31.502500534057617,31.602500915527344,115881600
2015-04-16,28.005001068115234,31.542499542236328,31.774999618530273,31.52750015258789,31.56999969482422,113476000
2015-04-17,27.6898136138916,31.1875,31.53499984741211,31.114999771118164,31.387500762939453,207828000
2015-04-20,28.322404861450195,31.899999618530273,32.029998779296875,31.292499542236328,31.392499923706055,188217200
2015-04-21,28.16925048828125,31.727500915527344,32.04999923706055,31.667499542236328,32.025001525878906,129740400
2015-04-22,28.548805236816406,32.154998779296875,32.217498779296875,31.579999923706055,31.747499465942383,150618000
2015-04-23,28.781864166259766,32.41749954223633,32.60499954223633,32.03499984741211,32.07500076293945,183083600
2015-04-24,28.917266845703125,32.56999969482422,32.657501220703125,32.307498931884766,32.622501373291016,178103600
2015-04-27,29.443309783935547,33.162498474121094,33.282501220703125,32.787498474121094,33.07749938964844,387816800
2015-04-28,28.979419708251953,32.63999938964844,33.6349983215332,32.39250183105469,33.6150016784668,475696000
2015-04-29,28.553245544433594,32.15999984741211,32.897499084472656,32.07500076293945,32.540000915527344,253544400
2015-04-30,27.77860450744629,31.287500381469727,32.15999984741211,31.145000457763672,32.15999984741211,332781600
2015-05-01,28.622058868408203,32.23749923706055,32.532501220703125,31.325000762939453,31.524999618530273,234050400
2015-05-04,28.566566467285156,32.17499923706055,32.64250183105469,32.064998626708984,32.375,203953200
2015-05-05,27.922868728637695,31.450000762939453,32.11249923706055,31.44499969482422,32.037498474121094,197085600
2015-05-06,27.747528076171875,31.252500534057617,31.6875,30.84000015258789,31.639999389648438,288564000
2015-05-07,27.919153213500977,31.315000534057617,31.520000457763672,31.0049991607666,31.1924991607666,175763600
2015-05-08,28.44516944885254,31.905000686645508,31.905000686645508,31.52750015258789,31.670000076293945,222201600
2015-05-11,28.15540885925293,31.579999923706055,31.889999389648438,31.407499313354492,31.84749984741211,168143200
2015-05-12,28.05510902404785,31.467500686645508,31.719999313354492,31.204999923706055,31.399999618530273,192640000
2015-05-13,28.086320877075195,31.502500534057617,31.797500610351562,31.467500686645508,31.537500381469727,138776800
2015-05-14,28.741613388061523,32.23749923706055,32.23749923706055,31.790000915527344,31.852500915527344,180814000
2015-05-15,28.70149803161621,32.192501068115234,32.372501373291016,32.0525016784668,32.26750183105469,152832000
2015-05-18,29.017995834350586,32.54750061035156,32.68000030517578,32.09000015258789,32.095001220703125,203531600
2015-05-19,28.991247177124023,32.51750183105469,32.720001220703125,32.40999984741211,32.67250061035156,178532800
2015-05-20,28.989023208618164,32.51499938964844,32.744998931884766,32.334999084472656,32.5,145819600
2015-05-21,29.285459518432617,32.84749984741211,32.907501220703125,32.45750045776367,32.51750183105469,158921600
2015-05-22,29.541786193847656,33.1349983215332,33.24250030517578,32.849998474121094,32.900001525878906,182384000
2015-05-26,28.890945434570312,32.404998779296875,33.227500915527344,32.279998779296875,33.150001525878906,282790400
2015-05-27,29.43034553527832,33.0099983215332,33.064998626708984,32.51250076293945,32.584999084472656,183332800
2015-05-28,29.372394561767578,32.94499969482422,32.98749923706055,32.775001525878906,32.96500015258789,122933200
2015-05-29,29.038053512573242,32.56999969482422,32.86249923706055,32.474998474121094,32.807498931884766,203538000
2015-06-01,29.096004486083984,32.6349983215332,32.84749984741211,32.51250076293945,32.56999969482422,128451200
2015-06-02,28.966739654541016,32.4900016784668,32.665000915527344,32.33000183105469,32.46500015258789,134670400
2015-06-03,29.00239372253418,32.529998779296875,32.73500061035156,32.474998474121094,32.665000915527344,123934000
2015-06-04,28.8330020904541,32.34000015258789,32.64500045776367,32.227500915527344,32.39500045776367,153800400
2015-06-05,28.674745559692383,32.162498474121094,32.42250061035156,32.09000015258789,32.375,142507200
2015-06-08,28.48529052734375,31.950000762939453,32.3025016784668,31.707500457763672,32.224998474121094,210699200
2015-06-09,28.40059471130371,31.854999542236328,32.02000045776367,31.405000686645508,31.674999237060547,224301600
2015-06-10,28.726011276245117,32.220001220703125,32.334999084472656,31.962499618530273,31.979999542236328,156349200
2015-06-11,28.66136932373047,32.147499084472656,32.54499816894531,32.119998931884766,32.29499816894531,141563600
2015-06-12,28.344871520996094,31.792499542236328,32.08250045776367,31.77750015258789,32.04750061035156,147544800
2015-06-15,28.28915023803711,31.729999542236328,31.809999465942383,31.427499771118164,31.524999618530273,175955600
2015-06-16,28.440710067749023,31.899999618530273,31.962499618530273,31.592500686645508,31.75749969482422,125976400
2015-06-17,28.37384033203125,31.825000762939453,31.969999313354492,31.684999465942383,31.93000030517578,131672400
2015-06-18,28.503124237060547,31.969999313354492,32.07749938964844,31.80500030517578,31.8075008392334,141628800
2015-06-19,28.217823028564453,31.649999618530273,31.954999923706055,31.600000381469727,31.927499771118164,218867600
2015-06-22,28.442943572998047,31.90250015258789,32.01499938964844,31.770000457763672,31.872499465942383,136157200
2015-06-23,28.313661575317383,31.75749969482422,31.90250015258789,31.719999313354492,31.8700008392334,121075600
2015-06-24,28.55438804626465,32.02750015258789,32.45000076293945,31.780000686645508,31.802499771118164,221123600
2015-06-25,28.41842269897461,31.875,32.29999923706055,31.875,32.21500015258789,127752400
2015-06-26,28.25125503540039,31.6875,31.997499465942383,31.627500534057617,31.917499542236328,176267200
2015-06-29,27.75644302368164,31.13249969482422,31.61750030517578,31.1200008392334,31.364999771118164,196645600
2015-06-30,27.957040786743164,31.357500076293945,31.530000686645508,31.21500015258789,31.392499923706055,177482800
2015-07-01,28.217823028564453,31.649999618530273,31.735000610351562,31.497499465942383,31.725000381469727,120955200
2015-07-02,28.182161331176758,31.610000610351562,31.672500610351562,31.4424991607666,31.607500076293945,108844000
2015-07-06,28.084083557128906,31.5,31.5575008392334,31.212499618530273,31.235000610351562,112241600
2015-07-07,28.01499366760254,31.422500610351562,31.537500381469727,30.9424991607666,31.47249984741211,187787200
2015-07-08,27.31957244873047,30.642499923706055,31.15999984741211,30.635000228881836,31.1200008392334,243046400
2015-07-09,26.762353897094727,30.017499923706055,31.014999389648438,29.80500030517578,30.962499618530273,314380000
2015-07-10,27.477832794189453,30.81999969482422,30.962499618530273,30.302499771118164,30.485000610351562,245418000
2015-07-13,28.00830078125,31.415000915527344,31.440000534057617,31.079999923706055,31.25749969482422,165762000
2015-07-14,27.997161865234375,31.40250015258789,31.592500686645508,31.260000228881836,31.510000228881836,127072400
2015-07-15,28.266862869262695,31.704999923706055,31.787500381469727,31.395000457763672,31.43000030517578,134596800
2015-07-16,28.643537521362305,32.127498626708984,32.14250183105469,31.837499618530273,31.934999465942383,144889600
2015-07-17,28.890945434570312,32.404998779296875,32.404998779296875,32.07749938964844,32.27000045776367,184658800
2015-07-20,29.437026977539062,33.01750183105469,33.24250030517578,32.67499923706055,32.74250030517578,235600800
2015-07-21,29.142812728881836,32.6875,33.22999954223633,32.58000183105469,33.212501525878906,307025600
2015-07-22,27.910236358642578,31.30500030517578,31.375,30.497499465942383,30.497499465942383,461802400
2015-07-23,27.89686393737793,31.290000915527344,31.772499084472656,31.264999389648438,31.549999237060547,203998000
2015-07-24,27.74974822998047,31.125,31.434999465942383,30.975000381469727,31.329999923706055,168649200
2015-07-27,27.36415672302246,30.6924991607666,30.90250015258789,30.530000686645508,30.772499084472656,177822000
2015-07-28,27.5001163482666,30.844999313354492,30.977500915527344,30.637500762939453,30.844999313354492,134472400
2015-07-29,27.413192749023438,30.747499465942383,30.875,30.5674991607666,30.787500381469727,148046800
2015-07-30,27.27499771118164,30.592500686645508,30.642499923706055,30.427499771118164,30.579999923706055,134513200
2015-07-31,27.036502838134766,30.325000762939453,30.65999984741211,30.227500915527344,30.649999618530273,171540000
2015-08-03,26.39904022216797,29.610000610351562,30.642499923706055,29.3799991607666,30.375,279904000
2015-08-04,25.552061080932617,28.65999984741211,29.424999237060547,28.3125,29.354999542236328,496554400
2015-08-05,25.721458435058594,28.850000381469727,29.360000610351562,28.024999618530273,28.237499237060547,397250400
2015-08-06,25.77743148803711,28.782499313354492,29.125,28.530000686645508,28.99250030517578,211612000
2015-08-07,25.8647518157959,28.8799991607666,29.0625,28.625,28.645000457763672,154681600
2015-08-10,26.805124282836914,29.93000030517578,29.997499465942383,29.13249969482422,29.13249969482422,219806400
2015-08-11,25.410242080688477,28.372499465942383,29.545000076293945,28.332500457763672,29.452499389648438,388331200
2015-08-12,25.802061080932617,28.809999465942383,28.854999542236328,27.407499313354492,28.13249969482422,404870000
2015-08-13,25.781911849975586,28.787500381469727,29.100000381469727,28.635000228881836,29.010000228881836,194143200
2015-08-14,25.963274002075195,28.989999771118164,29.077499389648438,28.502500534057617,28.579999923706055,171718000
2015-08-17,26.23194694519043,29.290000915527344,29.412500381469727,28.875,29.010000228881836,163538800
2015-08-18,26.084177017211914,29.125,29.360000610351562,29.002500534057617,29.107500076293945,138242800
2015-08-19,25.75056266784668,28.752500534057617,29.1299991607666,28.670000076293945,29.024999618530273,193146000
2015-08-20,25.222164154052734,28.162500381469727,28.587499618530273,27.907499313354492,28.520000457763672,274006400
2015-08-21,23.67951011657715,26.440000534057617,27.975000381469727,26.412500381469727,27.607500076293945,513102000
2015-08-24,23.088415145874023,25.780000686645508,27.200000762939453,23.0,23.717500686645508,648825200
2015-08-25,23.227222442626953,25.934999465942383,27.77750015258789,25.875,27.77750015258789,414406400
2015-08-26,24.55942726135254,27.422500610351562,27.47249984741211,26.262500762939453,26.772499084472656,387098400
2015-08-27,25.282611846923828,28.229999542236328,28.309999465942383,27.5049991607666,28.0575008392334,338464400
2015-08-28,25.36546516418457,28.322500228881836,28.327499389648438,27.885000228881836,28.042499542236328,212657600
2015-08-31,25.24679183959961,28.190000534057617,28.63249969482422,28.0,28.00749969482422,224917200
2015-09-01,24.118345260620117,26.93000030517578,27.969999313354492,26.84000015258789,27.537500381469727,307383600
2015-09-02,25.152761459350586,28.084999084472656,28.084999084472656,27.282499313354492,27.5575008392334,247555200
2015-09-03,24.71167755126953,27.592500686645508,28.19499969482422,27.510000228881836,28.122499465942383,212935600
2015-09-04,24.465383529663086,27.3174991607666,27.612499237060547,27.127500534057617,27.24250030517578,199985200
2015-09-08,25.14603614807129,28.077499389648438,28.139999389648438,27.579999923706055,27.9375,219374400
2015-09-09,24.662412643432617,27.537500381469727,28.5049991607666,27.4424991607666,28.440000534057617,340043200
2015-09-10,25.204252243041992,28.142499923706055,28.31999969482422,27.475000381469727,27.5674991607666,251571200
2015-09-11,25.571443557739258,28.552499771118164,28.552499771118164,27.940000534057617,27.947500228881836,199662000
2015-09-14,25.81773567199707,28.827499389648438,29.22249984741211,28.71500015258789,29.145000457763672,233453600
2015-09-15,26.03491973876953,29.06999969482422,29.13249969482422,28.604999542236328,28.982500076293945,173364800
2015-09-16,26.06402587890625,29.102500915527344,29.135000228881836,28.860000610351562,29.0625,148694000
2015-09-17,25.506511688232422,28.479999542236328,29.122499465942383,28.43000030517578,28.915000915527344,256450400
2015-09-18,25.401283264160156,28.362499237060547,28.575000762939453,27.967500686645508,28.052499771118164,297141200
2015-09-21,25.795345306396484,28.802499771118164,28.842500686645508,28.415000915527344,28.417499542236328,200888000
2015-09-22,25.390085220336914,28.350000381469727,28.545000076293945,28.1299991607666,28.344999313354492,201384800
2015-09-23,25.59607696533203,28.579999923706055,28.68000030517578,28.325000762939453,28.407499313354492,143026800
2015-09-24,25.748329162597656,28.75,28.875,28.092500686645508,28.3125,200878000
2015-09-25,25.68339729309082,28.677499771118164,29.172500610351562,28.5049991607666,29.110000610351562,224607600
2015-09-28,25.175148010253906,28.110000610351562,28.642499923706055,28.110000610351562,28.462499618530273,208436000
2015-09-29,24.418363571166992,27.264999389648438,28.377500534057617,26.96500015258789,28.207500457763672,293461600
2015-09-30,24.696008682250977,27.575000762939453,27.885000228881836,27.1825008392334,27.542499542236328,265892000
2015-10-01,24.5347900390625,27.395000457763672,27.405000686645508,26.827499389648438,27.267499923706055,255716400
2015-10-02,24.713905334472656,27.594999313354492,27.752500534057617,26.887500762939453,27.002500534057617,232079200
2015-10-05,24.803476333618164,27.69499969482422,27.842500686645508,27.267499923706055,27.469999313354492,208258800
2015-10-06,24.922142028808594,27.827499389648438,27.934999465942383,27.4424991607666,27.657499313354492,192787200
2015-10-07,24.803476333618164,27.69499969482422,27.9424991607666,27.352500915527344,27.934999465942383,187062400
2015-10-08,24.51688575744629,27.375,27.547500610351562,27.052499771118164,27.547500610351562,247918400
2015-10-09,25.103500366210938,28.030000686645508,28.06999969482422,27.372499465942383,27.5,211064400
2015-10-12,24.98707389831543,27.899999618530273,28.1875,27.860000610351562,28.1825008392334,121868800
2015-10-13,25.029619216918945,27.947500228881836,28.112499237060547,27.670000076293945,27.704999923706055,132197200
2015-10-14,24.675857543945312,27.552499771118164,27.8799991607666,27.389999389648438,27.822500228881836,177849600
2015-10-15,25.045284271240234,27.96500015258789,28.024999618530273,27.622499465942383,27.732500076293945,150694000
2015-10-16,24.861682891845703,27.760000228881836,28.0,27.63249969482422,27.94499969482422,156930400
2015-10-19,25.01617431640625,27.9325008392334,27.9375,27.52750015258789,27.700000762939453,119036800
2015-10-20,25.47292709350586,28.4424991607666,28.542499542236328,27.704999923706055,27.834999084472656,195871200
2015-10-21,25.470685958862305,28.440000534057617,28.895000457763672,28.424999237060547,28.5,167180800
2015-10-22,25.86027717590332,28.875,28.875,28.524999618530273,28.582500457763672,166616400
2015-10-23,26.661827087402344,29.770000457763672,29.8075008392334,29.082500457763672,29.174999237060547,237467600
2015-10-26,25.811023712158203,28.81999969482422,29.532499313354492,28.729999542236328,29.520000457763672,265335200
2015-10-27,25.64757537841797,28.637500762939453,29.135000228881836,28.497499465942383,28.850000381469727,279537600
2015-10-28,26.704370498657227,29.8174991607666,29.825000762939453,29.014999389648438,29.232500076293945,342205600
2015-10-29,26.986482620239258,30.13249969482422,30.172500610351562,29.5674991607666,29.674999237060547,204909200
2015-10-30,26.755874633789062,29.875,30.30500030517578,29.862499237060547,30.247499465942383,197461200
2015-11-02,27.13202667236328,30.295000076293945,30.34000015258789,29.90250015258789,30.200000762939453,128813200
2015-11-03,27.4432373046875,30.642499923706055,30.872499465942383,30.174999237060547,30.197500228881836,182076000
2015-11-04,27.31562042236328,30.5,30.954999923706055,30.405000686645508,30.782499313354492,179544400
2015-11-05,27.189693450927734,30.229999542236328,30.672500610351562,30.045000076293945,30.462499618530273,158210800
2015-11-06,27.221179962158203,30.264999389648438,30.452499389648438,30.155000686645508,30.27750015258789,132169200
2015-11-09,27.11099624633789,30.142499923706055,30.452499389648438,30.012500762939453,30.239999771118164,135485600
2015-11-10,26.25653648376465,29.1924991607666,29.517499923706055,29.014999389648438,29.225000381469727,236511600
2015-11-11,26.108131408691406,29.02750015258789,29.354999542236328,28.802499771118164,29.092500686645508,180872000
2015-11-12,26.02043914794922,28.93000030517578,29.204999923706055,28.912500381469727,29.065000534057617,130102400
2015-11-13,25.260427474975586,28.084999084472656,28.892499923706055,28.0674991607666,28.799999237060547,183249600
2015-11-16,25.674158096313477,28.545000076293945,28.559999465942383,27.75,27.844999313354492,152426800
2015-11-17,25.563980102539062,28.422500610351562,28.762500762939453,28.329999923706055,28.729999542236328,110467600
2015-11-18,26.373462677001953,29.322500228881836,29.372499465942383,28.875,28.940000534057617,186698800
2015-11-19,26.708498001098633,29.69499969482422,29.9375,29.190000534057617,29.40999984741211,173183200
2015-11-20,26.82543182373047,29.825000762939453,29.979999542236328,29.712499618530273,29.799999237060547,137148400
2015-11-23,26.476896286010742,29.4375,29.9325008392334,29.334999084472656,29.8174991607666,129930000
2015-11-24,26.730987548828125,29.719999313354492,29.837499618530273,29.280000686645508,29.332500457763672,171212800
2015-11-25,26.53986358642578,29.50749969482422,29.8075008392334,29.479999542236328,29.802499771118164,85553200
2015-11-27,26.490385055541992,29.452499389648438,29.602500915527344,29.399999618530273,29.572500228881836,52185600
2015-11-30,26.600576400756836,29.575000762939453,29.852500915527344,29.4375,29.497499465942383,156721200
2015-12-01,26.384708404541016,29.334999084472656,29.702499389648438,29.21500015258789,29.6875,139409600
2015-12-02,26.1463623046875,29.06999969482422,29.52750015258789,29.020000457763672,29.334999084472656,133546400
2015-12-03,25.903514862060547,28.799999237060547,29.197500228881836,28.55500030517578,29.137500762939453,166278000
2015-12-04,26.764719009399414,29.75749969482422,29.8125,28.77750015258789,28.822500228881836,231108000
2015-12-07,26.596078872680664,29.56999969482422,29.96500015258789,29.452499389648438,29.7450008392334,128336800
2015-12-08,26.58483123779297,29.5575008392334,29.649999618530273,29.21500015258789,29.3799991607666,137238000
2015-12-09,25.99794578552246,28.905000686645508,29.422500610351562,28.770000457763672,29.40999984741211,185445600
2015-12-10,26.121623992919922,29.042499542236328,29.235000610351562,28.877500534057617,29.010000228881836,116850800
2015-12-11,25.44930648803711,28.295000076293945,28.84749984741211,28.212499618530273,28.797500610351562,187544800
2015-12-14,25.29190444946289,28.1200008392334,28.170000076293945,27.447500228881836,28.045000076293945,257274800
2015-12-15,24.84443473815918,27.622499465942383,28.200000762939453,27.587499618530273,27.985000610351562,213292400
2015-12-16,25.03556251525879,27.834999084472656,27.997499465942383,27.200000762939453,27.767499923706055,224954000
2015-12-17,24.504905700683594,27.2450008392334,28.0625,27.2450008392334,28.0049991607666,179091200
2015-12-18,23.841575622558594,26.50749969482422,27.3799991607666,26.452499389648438,27.227500915527344,385813200
2015-12-21,24.133886337280273,26.832500457763672,26.842500686645508,26.392499923706055,26.81999969482422,190362400
2015-12-22,24.111400604248047,26.8075008392334,26.93000030517578,26.612499237060547,26.850000381469727,131157600
2015-12-23,24.421707153320312,27.15250015258789,27.212499618530273,26.799999237060547,26.8174991607666,130629600
2015-12-24,24.291290283203125,27.00749969482422,27.25,26.987499237060547,27.25,54281600
2015-12-28,24.019208908081055,26.704999923706055,26.922500610351562,26.545000076293945,26.897499084472656,106816800
2015-12-29,24.4509334564209,27.184999465942383,27.357500076293945,26.71500015258789,26.739999771118164,123724800
2015-12-30,24.131641387939453,26.829999923706055,27.174999237060547,26.795000076293945,27.145000457763672,100855200
2015-12-31,23.668441772460938,26.315000534057617,26.75749969482422,26.204999923706055,26.752500534057617,163649200
2016-01-04,23.68867301940918,26.337499618530273,26.342500686645508,25.5,25.65250015258789,270597600
2016-01-05,23.095050811767578,25.677499771118164,26.462499618530273,25.602500915527344,26.4375,223164000
2016-01-06,22.643085479736328,25.174999237060547,25.592500686645508,24.967500686645508,25.139999389648438,273829600
2016-01-07,21.687450408935547,24.112499237060547,25.032499313354492,24.107500076293945,24.670000076293945,324377600
2016-01-08,21.802120208740234,24.239999771118164,24.77750015258789,24.190000534057617,24.637500762939453,283192000
2016-01-11,22.155147552490234,24.63249969482422,24.764999389648438,24.334999084472656,24.74250030517578,198957600
2016-01-12,22.476696014404297,24.989999771118164,25.172500610351562,24.709999084472656,25.137500762939453,196616800
2016-01-13,21.89881134033203,24.34749984741211,25.297500610351562,24.325000762939453,25.079999923706055,249758400
2016-01-14,22.377758026123047,24.8799991607666,25.1200008392334,23.934999465942383,24.489999771118164,252680400
2016-01-15,21.840347290039062,24.282499313354492,24.427499771118164,23.84000015258789,24.049999237060547,319335600
2016-01-19,21.734664916992188,24.165000915527344,24.662500381469727,23.875,24.602500915527344,212350800
2016-01-20,21.76389503479004,24.197500228881836,24.547500610351562,23.354999542236328,23.774999618530273,289337600
2016-01-21,21.65372085571289,24.075000762939453,24.469999313354492,23.735000610351562,24.264999389648438,208646000
2016-01-22,22.804981231689453,25.354999542236328,25.364999771118164,24.592500686645508,24.657499313354492,263202000
2016-01-25,22.35977554321289,24.860000610351562,25.38249969482422,24.802499771118164,25.3799991607666,207178000
2016-01-26,22.483440399169922,24.997499465942383,25.219999313354492,24.517499923706055,24.982500076293945,300308000
2016-01-27,21.006132125854492,23.354999542236328,24.157499313354492,23.334999084472656,24.010000228881836,533478800
2016-01-28,21.156787872314453,23.522499084472656,23.6299991607666,23.09749984741211,23.447500228881836,222715200
2016-01-29,21.887563705444336,24.334999084472656,24.334999084472656,23.587499618530273,23.697500228881836,257666000
2016-02-01,21.682947158813477,24.107500076293945,24.177499771118164,23.850000381469727,24.11750030517578,163774000
2016-02-02,21.24448585510254,23.6200008392334,24.010000228881836,23.56999969482422,23.854999542236328,149428800
2016-02-03,21.66497039794922,24.087499618530273,24.209999084472656,23.520000457763672,23.75,183857200
2016-02-04,21.839038848876953,24.149999618530273,24.332500457763672,23.797500610351562,23.96500015258789,185886800
2016-02-05,21.255762100219727,23.5049991607666,24.229999542236328,23.422500610351562,24.1299991607666,185672400
2016-02-08,21.47957992553711,23.752500534057617,23.924999237060547,23.260000228881836,23.282499313354492,216085600
2016-02-09,21.475051879882812,23.747499465942383,23.985000610351562,23.482500076293945,23.572500228881836,177324800
2016-02-10,21.312280654907227,23.5674991607666,24.087499618530273,23.524999618530273,23.979999542236328,169374400
2016-02-11,21.183412551879883,23.424999237060547,23.68000030517578,23.147499084472656,23.447500228881836,200298800
2016-02-12,21.248977661132812,23.497499465942383,23.625,23.252500534057617,23.547500610351562,161405600
2016-02-16,21.848081588745117,24.15999984741211,24.212499618530273,23.65250015258789,23.7549991607666,196231600
2016-02-17,22.182676315307617,24.530000686645508,24.552499771118164,24.037500381469727,24.167499542236328,179452800
2016-02-18,21.762182235717773,24.065000534057617,24.72249984741211,24.022499084472656,24.709999084472656,156084000
2016-02-19,21.71243667602539,24.010000228881836,24.190000534057617,23.950000762939453,24.0,141496800
2016-02-22,21.902339935302734,24.219999313354492,24.225000381469727,23.979999542236328,24.077499389648438,137123200
2016-02-23,21.4072322845459,23.672500610351562,24.125,23.637500762939453,24.100000381469727,127770400
2016-02-24,21.726003646850586,24.024999618530273,24.094999313354492,23.329999923706055,23.4950008392334,145022800
2016-02-25,21.87521743774414,24.190000534057617,24.190000534057617,23.8125,24.012500762939453,110330800
2016-02-26,21.909122467041016,24.227500915527344,24.5049991607666,24.145000457763672,24.299999237060547,115964400
2016-02-29,21.859386444091797,24.172500610351562,24.5575008392334,24.162500381469727,24.21500015258789,140865200
2016-03-01,22.727527618408203,25.13249969482422,25.1924991607666,24.354999542236328,24.412500381469727,201628400
2016-03-02,22.777257919311523,25.1875,25.22249984741211,24.90999984741211,25.127500534057617,132678400
2016-03-03,22.946815490722656,25.375,25.427499771118164,25.112499237060547,25.145000457763672,147822800
2016-03-04,23.288192749023438,25.752500534057617,25.9375,25.342500686645508,25.592500686645508,184220400
2016-03-07,23.030466079711914,25.467500686645508,25.707500457763672,25.239999771118164,25.59749984741211,143315600
2016-03-08,22.84055519104004,25.25749969482422,25.440000534057617,25.100000381469727,25.19499969482422,126247600
2016-03-09,22.860902786254883,25.280000686645508,25.395000457763672,25.0674991607666,25.327499389648438,108806800
2016-03-10,22.87221908569336,25.292499542236328,25.559999465942383,25.037500381469727,25.352500915527344,134054400
2016-03-11,23.11863899230957,25.565000534057617,25.56999969482422,25.375,25.559999465942383,109632800
2016-03-14,23.17741584777832,25.6299991607666,25.727500915527344,25.44499969482422,25.477500915527344,100304400
2016-03-15,23.643138885498047,26.145000457763672,26.295000076293945,25.962499618530273,25.989999771118164,160270800
2016-03-16,23.957380294799805,26.49250030517578,26.577499389648438,26.147499084472656,26.15250015258789,153214000
2016-03-17,23.9189510345459,26.450000762939453,26.61750030517578,26.239999771118164,26.3799991607666,137682800
2016-03-18,23.946077346801758,26.479999542236328,26.625,26.297500610351562,26.584999084472656,176820800
2016-03-21,23.943819046020508,26.477500915527344,26.912500381469727,26.28499984741211,26.482500076293945,142010800
2016-03-22,24.126941680908203,26.68000030517578,26.822500228881836,26.302499771118164,26.3125,129777600
2016-03-23,23.99355697631836,26.532499313354492,26.767499923706055,26.475000381469727,26.6200008392334,102814000
2016-03-24,23.889564514160156,26.417499542236328,26.5625,26.22249984741211,26.36750030517578,104532000
2016-03-28,23.781044006347656,26.297500610351562,26.547500610351562,26.264999389648438,26.5,77645600
2016-03-29,24.34397315979004,26.920000076293945,26.947500228881836,26.219999313354492,26.22249984741211,124760400
2016-03-30,24.76899528503418,27.389999389648438,27.604999542236328,27.149999618530273,27.162500381469727,182404400
2016-03-31,24.640132904052734,27.247499465942383,27.475000381469727,27.219999313354492,27.43000030517578,103553600
2016-04-01,24.8662109375,27.497499465942383,27.5,27.049999237060547,27.19499969482422,103496000
2016-04-04,25.12167739868164,27.780000686645508,28.047500610351562,27.5674991607666,27.604999542236328,149424800
2016-04-05,24.825523376464844,27.452499389648438,27.6825008392334,27.354999542236328,27.377500534057617,106314800
2016-04-06,25.08550453186035,27.739999771118164,27.7450008392334,27.299999237060547,27.5575008392334,105616400
2016-04-07,24.538402557373047,27.135000228881836,27.604999542236328,27.030000686645508,27.487499237060547,127207600
2016-04-08,24.56553077697754,27.165000915527344,27.4424991607666,27.042499542236328,27.227500915527344,94326800
2016-04-11,24.646915435791016,27.2549991607666,27.65250015258789,27.207500457763672,27.24250030517578,117630000
2016-04-12,24.967947006225586,27.610000610351562,27.625,27.165000915527344,27.334999084472656,108929200
2016-04-13,25.329668045043945,28.010000228881836,28.084999084472656,27.700000762939453,27.700000762939453,133029200
2016-04-14,25.343236923217773,28.024999618530273,28.09749984741211,27.832500457763672,27.905000686645508,101895600
2016-04-15,24.834562301635742,27.462499618530273,28.075000762939453,27.4325008392334,28.02750015258789,187756000
2016-04-18,24.298755645751953,26.8700008392334,27.237499237060547,26.735000610351562,27.22249984741211,243286000
2016-04-19,24.16989517211914,26.727500915527344,27.0,26.5575008392334,26.969999313354492,129539600
2016-04-20,24.21963119506836,26.782499313354492,27.022499084472656,26.514999389648438,26.65999984741211,122444000
2016-04-21,23.957380294799805,26.49250030517578,26.732500076293945,26.3799991607666,26.732500076293945,126210000
2016-04-22,23.891820907592773,26.420000076293945,26.6200008392334,26.155000686645508,26.252500534057617,134732400
2016-04-25,23.75617218017578,26.270000457763672,26.412500381469727,26.127500534057617,26.25,112126400
2016-04-26,23.591136932373047,26.087499618530273,26.325000762939453,25.977500915527344,25.977500915527344,224064800
2016-04-27,22.114849090576172,24.454999923706055,24.677499771118164,23.920000076293945,24.0,458408400
2016-04-28,21.438884735107422,23.707500457763672,24.469999313354492,23.5625,24.40250015258789,328970800
2016-04-29,21.192455291748047,23.434999465942383,23.68000030517578,23.127500534057617,23.497499465942383,274126000
2016-05-02,21.169851303100586,23.40999984741211,23.520000457763672,23.100000381469727,23.49250030517578,192640400
2016-05-03,21.518014907836914,23.795000076293945,23.934999465942383,23.420000076293945,23.549999237060547,227325200
2016-05-04,21.2941951751709,23.547500610351562,23.975000381469727,23.454999923706055,23.799999237060547,164102000
2016-05-05,21.2077579498291,23.309999465942383,23.517499923706055,23.170000076293945,23.5,143562000
2016-05-06,21.089487075805664,23.18000030517578,23.362499237060547,22.962499618530273,23.342500686645508,174799600
2016-05-09,21.105411529541016,23.197500228881836,23.4424991607666,23.147499084472656,23.25,131745600
2016-05-10,21.248701095581055,23.354999542236328,23.392499923706055,23.02750015258789,23.332500457763672,134747200
2016-05-11,21.041723251342773,23.127500534057617,23.392499923706055,23.114999771118164,23.3700008392334,114876400
2016-05-12,20.548145294189453,22.584999084472656,23.19499969482422,22.36750030517578,23.18000030517578,305258800
2016-05-13,20.58909034729004,22.6299991607666,22.917499542236328,22.5,22.5,177571200
2016-05-16,21.353334426879883,23.469999313354492,23.59749984741211,22.912500381469727,23.09749984741211,245039200
2016-05-17,21.26462173461914,23.372499465942383,23.674999237060547,23.252500534057617,23.637500762939453,187667600
2016-05-18,21.50800132751465,23.639999389648438,23.802499771118164,23.47249984741211,23.540000915527344,168249600
2016-05-19,21.426118850708008,23.549999237060547,23.65999984741211,23.392499923706055,23.65999984741211,121768400
2016-05-20,21.65812110900879,23.80500030517578,23.857500076293945,23.6299991607666,23.65999984741211,128104000
2016-05-23,21.933338165283203,24.107500076293945,24.297500610351562,23.917499542236328,23.967500686645508,152074400
2016-05-24,22.267698287963867,24.475000381469727,24.522499084472656,24.209999084472656,24.30500030517578,140560800
2016-05-25,22.658905029296875,24.905000686645508,24.934999465942383,24.52750015258789,24.667499542236328,152675200
2016-05-26,22.838603973388672,25.102500915527344,25.1825008392334,24.65999984741211,24.920000076293945,225324800
2016-05-27,22.824953079223633,25.087499618530273,25.11750030517578,24.8125,24.860000610351562,145364800
2016-05-31,22.7135066986084,24.96500015258789,25.100000381469727,24.704999923706055,24.899999618530273,169228800
2016-06-01,22.395076751708984,24.614999771118164,24.885000228881836,24.582500457763672,24.7549991607666,116693200
2016-06-02,22.226755142211914,24.43000030517578,24.459999084472656,24.157499313354492,24.399999618530273,160766400
2016-06-03,22.272241592407227,24.479999542236328,24.5674991607666,24.362499237060547,24.447500228881836,114019600
2016-06-06,22.433738708496094,24.657499313354492,25.47249984741211,24.387500762939453,24.497499465942383,93170000
2016-06-07,22.524717330932617,24.75749969482422,24.967500686645508,24.739999771118164,24.8125,89638000
2016-06-08,22.50424575805664,24.735000610351562,24.889999389648438,24.670000076293945,24.7549991607666,83392400
2016-06-09,22.665740966796875,24.912500381469727,24.997499465942383,24.614999771118164,24.625,106405600
2016-06-10,22.479228973388672,24.707500457763672,24.837499618530273,24.6200008392334,24.63249969482422,126851600
2016-06-13,22.14031982421875,24.334999084472656,24.780000686645508,24.274999618530273,24.672500610351562,152082000
2016-06-14,22.167612075805664,24.364999771118164,24.6200008392334,24.1875,24.329999923706055,127727600
2016-06-15,22.094823837280273,24.28499984741211,24.602500915527344,24.25749969482422,24.454999923706055,117780800
2016-06-16,22.18808364868164,24.387500762939453,24.4375,24.017499923706055,24.112499237060547,125307200
2016-06-17,21.68313980102539,23.832500457763672,24.162500381469727,23.825000762939453,24.155000686645508,244032800
2016-06-20,21.630830764770508,23.774999618530273,24.142499923706055,23.75749969482422,24.0,137647600
2016-06-21,21.815065383911133,23.977500915527344,24.087499618530273,23.670000076293945,23.735000610351562,142185600
2016-06-22,21.733186721801758,23.887500762939453,24.22249984741211,23.837499618530273,24.0625,116876400
2016-06-23,21.8582820892334,24.024999618530273,24.072500228881836,23.8125,23.985000610351562,128960800
2016-06-24,21.244152069091797,23.350000381469727,23.665000915527344,23.162500381469727,23.227500915527344,301245600
2016-06-27,20.934814453125,23.010000228881836,23.262500762939453,22.875,23.25,181958400
2016-06-28,21.287368774414062,23.397499084472656,23.415000915527344,23.03499984741211,23.225000381469727,161779600
2016-06-29,21.47161102294922,23.600000381469727,23.637500762939453,23.407499313354492,23.49250030517578,146124000
2016-06-30,21.744552612304688,23.899999618530273,23.9424991607666,23.575000762939453,23.610000610351562,143345600
2016-07-01,21.810516357421875,23.97249984741211,24.11750030517578,23.832500457763672,23.872499465942383,104106000
2016-07-05,21.605798721313477,23.747499465942383,23.850000381469727,23.614999771118164,23.84749984741211,110820800
2016-07-06,21.728628158569336,23.88249969482422,23.915000915527344,23.592500686645508,23.649999618530273,123796400
2016-07-07,21.821884155273438,23.985000610351562,24.125,23.905000686645508,23.924999237060547,100558400
2016-07-08,21.99020004272461,24.170000076293945,24.22249984741211,24.012500762939453,24.122499465942383,115648400
2016-07-11,22.05843162536621,24.2450008392334,24.412500381469727,24.1825008392334,24.1875,95179600
2016-07-12,22.15851593017578,24.354999542236328,24.424999237060547,24.280000686645508,24.292499542236328,96670000
2016-07-13,22.03342056274414,24.217500686645508,24.417499542236328,24.209999084472656,24.352500915527344,103568800
2016-07-14,22.470134735107422,24.697500228881836,24.747499465942383,24.329999923706055,24.34749984741211,155676000
2016-07-15,22.46785545349121,24.69499969482422,24.825000762939453,24.625,24.729999542236328,120548000
2016-07-18,22.706684112548828,24.957500457763672,25.032499313354492,24.649999618530273,24.674999237060547,145975600
2016-07-19,22.71578025817871,24.967500686645508,25.0,24.834999084472656,24.889999389648438,95119600
2016-07-20,22.736251831054688,24.989999771118164,25.114999771118164,24.934999465942383,25.0,105104000
2016-07-21,22.615699768066406,24.857500076293945,25.25,24.782499313354492,24.957500457763672,130808000
2016-07-22,22.440563201904297,24.665000915527344,24.825000762939453,24.577499389648438,24.815000534057617,113254800
2016-07-25,22.14031982421875,24.334999084472656,24.709999084472656,24.229999542236328,24.5625,161531600
2016-07-26,21.987924575805664,24.167499542236328,24.49250030517578,24.104999542236328,24.204999923706055,224959200
2016-07-27,23.41633415222168,25.737499237060547,26.087499618530273,25.6875,26.0674991607666,369379200
2016-07-28,23.732498168945312,26.084999084472656,26.112499237060547,25.704999923706055,25.707500457763672,159479200
2016-07-29,23.70292854309082,26.052499771118164,26.137500762939453,25.920000076293945,26.047500610351562,110934800
2016-08-01,24.121437072753906,26.512500762939453,26.537500381469727,26.102500915527344,26.102500915527344,152671600
2016-08-02,23.76433753967285,26.1200008392334,26.517499923706055,26.0,26.512500762939453,135266400
2016-08-03,24.062305450439453,26.447500228881836,26.459999084472656,26.1924991607666,26.202499389648438,120810400
2016-08-04,24.210947036743164,26.467500686645508,26.5,26.31999969482422,26.395000457763672,109634800
2016-08-05,24.57912826538086,26.8700008392334,26.912500381469727,26.545000076293945,26.5674991607666,162213600
2016-08-08,24.78266716003418,27.092500686645508,27.092500686645508,26.790000915527344,26.8799991607666,112148800
2016-08-09,24.883285522460938,27.202499389648438,27.235000610351562,27.002500534057617,27.0575008392334,105260800
2016-08-10,24.698057174682617,27.0,27.225000381469727,26.940000534057617,27.177499771118164,96034000
2016-08-11,24.682044982910156,26.982500076293945,27.232500076293945,26.962499618530273,27.1299991607666,109938000
2016-08-12,24.739213943481445,27.045000076293945,27.110000610351562,26.94499969482422,26.94499969482422,74641600
2016-08-15,25.036500930786133,27.3700008392334,27.385000228881836,27.020000457763672,27.03499984741211,103472800
2016-08-16,25.013633728027344,27.344999313354492,27.5575008392334,27.302499771118164,27.407499313354492,135177600
2016-08-17,24.977046966552734,27.30500030517578,27.342500686645508,27.084999084472656,27.274999618530273,101424000
2016-08-18,24.945032119750977,27.270000457763672,27.399999618530273,27.2549991607666,27.3075008392334,87938800
2016-08-19,25.009065628051758,27.34000015258789,27.422500610351562,27.09000015258789,27.1924991607666,101472400
2016-08-22,24.814682006835938,27.127500534057617,27.274999618530273,26.962499618530273,27.21500015258789,103280800
2016-08-23,24.892431259155273,27.212499618530273,27.329999923706055,27.13249969482422,27.147499084472656,85030800
2016-08-24,24.70490264892578,27.00749969482422,27.1875,26.920000076293945,27.142499923706055,94700400
2016-08-25,24.599712371826172,26.892499923706055,26.969999313354492,26.670000076293945,26.84749984741211,100344800
2016-08-26,24.455642700195312,26.735000610351562,26.987499237060547,26.577499389648438,26.852500915527344,111065200
2016-08-29,24.428197860717773,26.704999923706055,26.860000610351562,26.572500228881836,26.655000686645508,99881200
2016-08-30,24.240676879882812,26.5,26.625,26.375,26.450000762939453,99455600
2016-08-31,24.26354217529297,26.524999618530273,26.642499923706055,26.40999984741211,26.415000915527344,118649600
2016-09-01,24.40761947631836,26.6825008392334,26.700000762939453,26.405000686645508,26.53499984741211,106806000
2016-09-02,24.63630485534668,26.9325008392334,27.0,26.704999923706055,26.924999237060547,107210000
2016-09-06,24.629446029663086,26.924999237060547,27.075000762939453,26.877500534057617,26.975000381469727,107521600
2016-09-07,24.780380249023438,27.09000015258789,27.190000534057617,26.767499923706055,26.957500457763672,169457200
2016-09-08,24.13090705871582,26.3799991607666,26.8174991607666,26.309999465942383,26.8125,212008000
2016-09-09,23.5843448638916,25.782499313354492,26.43000030517578,25.782499313354492,26.15999984741211,186228000
2016-09-12,24.112611770629883,26.360000610351562,26.43000030517578,25.63249969482422,25.662500381469727,181171200
2016-09-13,24.686614990234375,26.987499237060547,27.197500228881836,26.809999465942383,26.877500534057617,248704800
2016-09-14,25.560184478759766,27.9424991607666,28.25749969482422,27.149999618530273,27.1825008392334,443554800
2016-09-15,26.429197311401367,28.892499923706055,28.9325008392334,28.372499465942383,28.46500015258789,359934400
2016-09-16,26.280555725097656,28.729999542236328,29.032499313354492,28.510000228881836,28.780000686645508,319547600
2016-09-19,25.97411346435547,28.395000457763672,29.045000076293945,28.3125,28.797500610351562,188092000
2016-09-20,25.971830368041992,28.392499923706055,28.530000686645508,28.127500534057617,28.262500762939453,138057200
2016-09-21,25.967252731323242,28.387500762939453,28.497499465942383,28.110000610351562,28.462499618530273,144012800
2016-09-22,26.211944580078125,28.655000686645508,28.735000610351562,28.5,28.587499618530273,124296000
2016-09-23,25.775157928466797,28.177499771118164,28.697500228881836,27.887500762939453,28.604999542236328,209924800
2016-09-26,25.814037322998047,28.219999313354492,28.34749984741211,27.887500762939453,27.90999984741211,119477600
2016-09-27,25.86205291748047,28.272499084472656,28.295000076293945,28.084999084472656,28.25,98429600
2016-09-28,26.05872917175293,28.487499237060547,28.65999984741211,28.357500076293945,28.422500610351562,118564400
2016-09-29,25.653953552246094,28.045000076293945,28.450000762939453,27.950000762939453,28.290000915527344,143548000
2016-09-30,25.852909088134766,28.262500762939453,28.342500686645508,27.950000762939453,28.114999771118164,145516400
2016-10-03,25.731712341308594,28.1299991607666,28.262500762939453,28.06999969482422,28.177499771118164,86807200
2016-10-04,25.841476440429688,28.25,28.577499389648438,28.157499313354492,28.264999389648438,118947200
2016-10-05,25.852909088134766,28.262500762939453,28.415000915527344,28.172500610351562,28.350000381469727,85812400
2016-10-06,26.04500961303711,28.47249984741211,28.584999084472656,28.282499313354492,28.424999237060547,115117200
2016-10-07,26.08388328552246,28.514999389648438,28.639999389648438,28.377500534057617,28.577499389648438,97433600
2016-10-10,26.538970947265625,29.012500762939453,29.1875,28.68000030517578,28.7549991607666,144944000
2016-10-11,26.596139907836914,29.075000762939453,29.672500610351562,29.049999237060547,29.424999237060547,256164000
2016-10-12,26.833972930908203,29.334999084472656,29.4950008392334,29.1875,29.337499618530273,150347200
2016-10-13,26.75164222717285,29.2450008392334,29.360000610351562,28.93000030517578,29.197500228881836,140769600
2016-10-14,26.90028953552246,29.407499313354492,29.542499542236328,29.282499313354492,29.469999313354492,142608800
2016-10-17,26.881994247436523,29.387500762939453,29.459999084472656,29.19499969482422,29.332500457763672,94499600
2016-10-18,26.863706588745117,29.36750030517578,29.552499771118164,29.362499237060547,29.545000076293945,98214000
2016-10-19,26.783660888671875,29.280000686645508,29.440000534057617,28.450000762939453,29.3125,80138400
2016-10-20,26.769939422607422,29.264999389648438,29.344999313354492,29.082500457763672,29.21500015258789,96503200
2016-10-21,26.664737701416016,29.149999618530273,29.227500915527344,29.06999969482422,29.202499389648438,92770800
2016-10-24,26.904861450195312,29.412500381469727,29.434999465942383,29.25,29.274999618530273,94154800
2016-10-25,27.042076110839844,29.5625,29.59000015258789,29.327499389648438,29.487499237060547,192516000
2016-10-26,26.433774948120117,28.897499084472656,28.924999237060547,28.327499389648438,28.577499389648438,264536800
2016-10-27,26.179931640625,28.6200008392334,28.96500015258789,28.524999618530273,28.84749984741211,138248000
2016-10-28,26.006132125854492,28.43000030517578,28.802499771118164,28.362499237060547,28.467500686645508,151446800
2016-10-31,25.964967727661133,28.385000228881836,28.5575008392334,28.299999237060547,28.412500381469727,105677600
2016-11-01,25.496164321899414,27.872499465942383,28.4424991607666,27.63249969482422,28.364999771118164,175303200
2016-11-02,25.519027709960938,27.897499084472656,28.087499618530273,27.8075008392334,27.850000381469727,113326800
2016-11-03,25.24549674987793,27.457500457763672,27.864999771118164,27.387500762939453,27.7450008392334,107730400
2016-11-04,25.0179386138916,27.209999084472656,27.5625,27.02750015258789,27.13249969482422,123348000
2016-11-07,25.378812789916992,27.602500915527344,27.627500534057617,27.364999771118164,27.520000457763672,130240000
2016-11-08,25.52821922302246,27.764999389648438,27.93000030517578,27.424999237060547,27.577499389648438,97016800
2016-11-09,25.486846923828125,27.719999313354492,27.829999923706055,27.012500762939453,27.469999313354492,236705600
2016-11-10,24.776586532592773,26.947500228881836,27.772499084472656,26.457500457763672,27.772499084472656,228538000
2016-11-11,24.923694610595703,27.107500076293945,27.217500686645508,26.637500762939453,26.780000686645508,136575600
2016-11-14,24.29847526550293,26.427499771118164,26.952499389648438,26.020000457763672,26.927499771118164,204702000
2016-11-15,24.620281219482422,26.77750015258789,26.920000076293945,26.540000915527344,26.642499923706055,129058000
2016-11-16,25.28227424621582,27.497499465942383,27.5575008392334,26.649999618530273,26.674999237060547,235362000
2016-11-17,25.273075103759766,27.487499237060547,27.587499618530273,27.207500457763672,27.452499389648438,110528000
2016-11-18,25.298364639282227,27.514999389648438,27.635000228881836,27.415000915527344,27.43000030517578,113715600
2016-11-21,25.682231903076172,27.9325008392334,27.997499465942383,27.502500534057617,27.530000686645508,117058400
2016-11-22,25.698320388793945,27.950000762939453,28.104999542236328,27.850000381469727,27.987499237060547,103862000
2016-11-23,25.567302703857422,27.8075008392334,27.877500534057617,27.582500457763672,27.84000015258789,109705600
2016-11-25,25.696027755737305,27.947500228881836,27.967500686645508,27.737499237060547,27.782499313354492,45903600
2016-11-28,25.64545249938965,27.892499923706055,28.11750030517578,27.84749984741211,27.857500076293945,108776000
2016-11-29,25.620166778564453,27.864999771118164,28.00749969482422,27.517499923706055,27.69499969482422,114115200
2016-11-30,25.40410041809082,27.6299991607666,28.049999237060547,27.5674991607666,27.899999618530273,144649200
2016-12-01,25.16734504699707,27.372499465942383,27.735000610351562,27.25749969482422,27.592500686645508,148347600
2016-12-02,25.261587142944336,27.475000381469727,27.522499084472656,27.212499618530273,27.292499542236328,106112000
2016-12-05,25.079998016357422,27.27750015258789,27.50749969482422,27.0625,27.5,137298000
2016-12-06,25.273075103759766,27.487499237060547,27.59000015258789,27.297500610351562,27.375,104782000
2016-12-07,25.521333694458008,27.75749969482422,27.797500610351562,27.290000915527344,27.315000534057617,119994800
2016-12-08,25.77187728881836,28.030000686645508,28.107500076293945,27.649999618530273,27.71500015258789,108273200
2016-12-09,26.19251823425293,28.487499237060547,28.674999237060547,28.077499389648438,28.077499389648438,137610400
2016-12-12,26.04311180114746,28.325000762939453,28.75,28.122499465942383,28.322500228881836,105497600
2016-12-13,26.47755241394043,28.797500610351562,28.979999542236328,28.4375,28.459999084472656,174935200
2016-12-14,26.47755241394043,28.797500610351562,29.049999237060547,28.7450008392334,28.760000228881836,136127200
2016-12-15,26.622360229492188,28.954999923706055,29.1825008392334,28.8075008392334,28.844999313354492,186098000
2016-12-16,26.65683364868164,28.99250030517578,29.125,28.912500381469727,29.11750030517578,177404400
2016-12-19,26.81084442138672,29.15999984741211,29.344999313354492,28.9375,28.950000762939453,111117600
2016-12-20,26.882097244262695,29.237499237060547,29.375,29.170000076293945,29.184999465942383,85700000
2016-12-21,26.90738296508789,29.264999389648438,29.350000381469727,29.19499969482422,29.200000762939453,95132800
2016-12-22,26.73039436340332,29.072500228881836,29.127500534057617,28.90999984741211,29.087499618530273,104343600
2016-12-23,26.78325843811035,29.1299991607666,29.1299991607666,28.897499084472656,28.897499084472656,56998000
2016-12-27,26.953353881835938,29.315000534057617,29.450000762939453,29.122499465942383,29.1299991607666,73187600
2016-12-28,26.83842658996582,29.190000534057617,29.5049991607666,29.049999237060547,29.3799991607666,83623600
2016-12-29,26.83153533935547,29.1825008392334,29.27750015258789,29.100000381469727,29.112499237060547,60158000
2016-12-30,26.622360229492188,28.954999923706055,29.299999237060547,28.857500076293945,29.162500381469727,122345200
2017-01-03,26.69821548461914,29.037500381469727,29.082500457763672,28.690000534057617,28.950000762939453,115127600
2017-01-04,26.6683292388916,29.0049991607666,29.127500534057617,28.9375,28.962499618530273,84472400
2017-01-05,26.80394744873047,29.15250015258789,29.21500015258789,28.952499389648438,28.979999542236328,88774400
2017-01-06,27.10276222229004,29.477500915527344,29.540000915527344,29.11750030517578,29.19499969482422,127007600
2017-01-09,27.35101318359375,29.747499465942383,29.857500076293945,29.485000610351562,29.487499237060547,134247600
2017-01-10,27.378599166870117,29.77750015258789,29.844999313354492,29.575000762939453,29.6924991607666,97848400
2017-01-11,27.525707244873047,29.9375,29.982500076293945,29.649999618530273,29.684999465942383,110354400
2017-01-12,27.410781860351562,29.8125,29.825000762939453,29.552499771118164,29.725000381469727,108344800
2017-01-13,27.362504959106445,29.760000228881836,29.905000686645508,29.702499389648438,29.77750015258789,104447600
2017-01-17,27.583173751831055,30.0,30.059999465942383,29.55500030517578,29.584999084472656,137759200
2017-01-18,27.58087921142578,29.997499465942383,30.125,29.927499771118164,30.0,94852000
2017-01-19,27.53260040283203,29.94499969482422,30.022499084472656,29.842500686645508,29.850000381469727,102389200
2017-01-20,27.583173751831055,30.0,30.112499237060547,29.9325008392334,30.112499237060547,130391600
2017-01-23,27.601560592651367,30.020000457763672,30.202499389648438,29.9424991607666,30.0,88200800
2017-01-24,27.57628059387207,29.99250030517578,30.024999618530273,29.875,29.887500762939453,92844000
2017-01-25,28.01531219482422,30.469999313354492,30.524999618530273,30.06999969482422,30.104999542236328,129510400
2017-01-26,28.029094696044922,30.485000610351562,30.610000610351562,30.399999618530273,30.417499542236328,105350400
2017-01-27,28.031396865844727,30.487499237060547,30.587499618530273,30.399999618530273,30.53499984741211,82251600
2017-01-30,27.957839965820312,30.407499313354492,30.407499313354492,30.165000915527344,30.232500076293945,121510000
2017-01-31,27.893484115600586,30.337499618530273,30.34749984741211,30.155000686645508,30.287500381469727,196804000
2017-02-01,29.59444808959961,32.1875,32.622501373291016,31.752500534057617,31.75749969482422,447940000
2017-02-02,29.54387855529785,32.13249969482422,32.34749984741211,31.94499969482422,31.9950008392334,134841600
2017-02-03,29.670297622680664,32.27000045776367,32.29750061035156,32.040000915527344,32.07749938964844,98029200
2017-02-06,29.94842529296875,32.5724983215332,32.625,32.224998474121094,32.282501220703125,107383600
2017-02-07,30.23345375061035,32.88249969482422,33.022499084472656,32.61249923706055,32.6349983215332,152735200
2017-02-08,30.35068702697754,33.0099983215332,33.05500030517578,32.80500030517578,32.837501525878906,92016400
2017-02-09,30.570003509521484,33.10499954223633,33.11249923706055,32.779998779296875,32.912498474121094,113399600
2017-02-10,30.500736236572266,33.029998779296875,33.23500061035156,33.01250076293945,33.1150016784668,80262000
2017-02-13,30.77083396911621,33.3224983215332,33.45500183105469,33.1875,33.27000045776367,92141600
2017-02-14,31.170217514038086,33.755001068115234,33.772499084472656,33.3125,33.36750030517578,132904800
2017-02-15,31.283340454101562,33.877498626708984,34.067501068115234,33.654998779296875,33.880001068115234,142492400
2017-02-16,31.246410369873047,33.837501525878906,33.974998474121094,33.709999084472656,33.91749954223633,90338400
2017-02-17,31.331825256347656,33.93000030517578,33.95750045776367,33.775001525878906,33.775001525878906,88792800
2017-02-21,31.55805778503418,34.17499923706055,34.1875,33.994998931884766,34.057498931884766,98028800
2017-02-22,31.652708053588867,34.27750015258789,34.279998779296875,34.02750015258789,34.10749816894531,83347600
2017-02-23,31.518810272216797,34.13249969482422,34.369998931884766,34.07500076293945,34.345001220703125,83152800
2017-02-24,31.548826217651367,34.165000915527344,34.165000915527344,33.81999969482422,33.977500915527344,87106400
2017-02-27,31.611154556274414,34.23249816894531,34.36000061035156,34.06999969482422,34.28499984741211,81029600
2017-02-28,31.625003814697266,34.247501373291016,34.36000061035156,34.17499923706055,34.27000045776367,93931600
2017-03-01,32.27140426635742,34.9474983215332,35.037498474121094,34.400001525878906,34.47249984741211,145658400
2017-03-02,32.079803466796875,34.7400016784668,35.06999969482422,34.689998626708984,35.0,104844000
2017-03-03,32.26910400390625,34.94499969482422,34.95750045776367,34.647499084472656,34.69499969482422,84432400
2017-03-06,32.16753005981445,34.834999084472656,34.942501068115234,34.650001525878906,34.842498779296875,87000000
2017-03-07,32.20907974243164,34.880001068115234,34.994998931884766,34.6974983215332,34.76499938964844,69785200
2017-03-08,32.08902359008789,34.75,34.95000076293945,34.70500183105469,34.73749923706055,74828800
2017-03-09,32.0151481628418,34.66999816894531,34.6974983215332,34.26250076293945,34.685001373291016,88623600
2017-03-10,32.12135696411133,34.78499984741211,34.84000015258789,34.65999984741211,34.8125,78451200
2017-03-13,32.13520431518555,34.79999923706055,34.85749816894531,34.70500183105469,34.712501525878906,69686800
2017-03-14,32.08673858642578,34.747501373291016,34.912498474121094,34.709999084472656,34.82500076293945,61236400
2017-03-15,32.42607879638672,35.1150016784668,35.1875,34.75749969482422,34.852500915527344,102767200
2017-03-16,32.47917175292969,35.17250061035156,35.255001068115234,35.064998626708984,35.18000030517578,76928000
2017-03-17,32.31758499145508,34.997501373291016,35.25,34.97249984741211,35.25,175540000
2017-03-20,32.65693664550781,35.3650016784668,35.375,35.057498931884766,35.099998474121094,86168000
2017-03-21,32.2829475402832,34.959999084472656,35.70000076293945,34.932498931884766,35.52750015258789,158119600
2017-03-22,32.647705078125,35.35499954223633,35.400001525878906,34.939998626708984,34.962501525878906,103440800
2017-03-23,32.53226852416992,35.22999954223633,35.39500045776367,35.15250015258789,35.314998626708984,81385200
2017-03-24,32.467628479003906,35.15999984741211,35.435001373291016,35.087501525878906,35.375,89582400
2017-03-27,32.52303695678711,35.220001220703125,35.30500030517578,34.654998779296875,34.84749984741211,94300400
2017-03-28,33.19712829589844,35.95000076293945,36.0099983215332,35.154998779296875,35.227500915527344,133499200
2017-03-29,33.27101516723633,36.029998779296875,36.122501373291016,35.79750061035156,35.91999816894531,116760000
2017-03-30,33.227142333984375,35.98249816894531,36.125,35.875,36.04750061035156,84829200
2017-03-31,33.16482162475586,35.915000915527344,36.067501068115234,35.752498626708984,35.93000030517578,78646800
2017-04-03,33.174068450927734,35.92499923706055,36.029998779296875,35.76250076293945,35.9275016784668,79942800
2017-04-04,33.42108154296875,36.192501068115234,36.22249984741211,35.79249954223633,35.8125,79565600
2017-04-05,33.2479362487793,36.005001068115234,36.3650016784668,35.95249938964844,36.05500030517578,110871600
2017-04-06,33.16482162475586,35.915000915527344,36.130001068115234,35.86249923706055,36.0724983215332,84596000
2017-04-07,33.09095764160156,35.834999084472656,36.04499816894531,35.817501068115234,35.932498931884766,66688800
2017-04-10,33.051700592041016,35.79249954223633,35.970001220703125,35.724998474121094,35.900001525878906,75733600
2017-04-11,32.69618225097656,35.407501220703125,35.837501525878906,35.01499938964844,35.73500061035156,121517600
2017-04-12,32.73543167114258,35.45000076293945,35.537498474121094,35.252498626708984,35.400001525878906,81400000
2017-04-13,32.562286376953125,35.26250076293945,35.595001220703125,35.26250076293945,35.477500915527344,71291600
2017-04-17,32.74235916137695,35.45750045776367,35.470001220703125,35.217498779296875,35.369998931884766,66328400
2017-04-18,32.596920013427734,35.29999923706055,35.5099983215332,35.27750015258789,35.352500915527344,58790000
2017-04-19,32.47686004638672,35.16999816894531,35.5,35.11249923706055,35.470001220703125,69313600
2017-04-20,32.8831787109375,35.61000061035156,35.72999954223633,35.290000915527344,35.30500030517578,93278400
2017-04-21,32.84393310546875,35.567501068115234,35.66999816894531,35.462501525878906,35.61000061035156,69283600
2017-04-24,33.16020584106445,35.90999984741211,35.98749923706055,35.79499816894531,35.875,68537200
2017-04-25,33.36566925048828,36.13249969482422,36.224998474121094,35.967498779296875,35.977500915527344,75486000
2017-04-26,33.169429779052734,35.91999816894531,36.150001525878906,35.845001220703125,36.11750030517578,80164800
2017-04-27,33.19482421875,35.9474983215332,36.040000915527344,35.82749938964844,35.97999954223633,56985200
2017-04-28,33.162513732910156,35.912498474121094,36.07500076293945,35.817501068115234,36.022499084472656,83441600
2017-05-01,33.838932037353516,36.64500045776367,36.79999923706055,36.2400016784668,36.275001525878906,134411600
2017-05-02,34.05361557006836,36.877498626708984,37.022499084472656,36.709999084472656,36.8849983215332,181408800
2017-05-03,33.94972610473633,36.76499938964844,36.872501373291016,36.067501068115234,36.397499084472656,182788000
2017-05-04,33.82737350463867,36.63249969482422,36.78499984741211,36.45249938964844,36.630001068115234,93487600
2017-05-05,34.38836669921875,37.2400016784668,37.244998931884766,36.689998626708984,36.689998626708984,109310800
2017-05-08,35.323326110839844,38.252498626708984,38.42499923706055,37.25749969482422,37.25749969482422,195009600
2017-05-09,35.54956817626953,38.497501373291016,38.720001220703125,38.36249923706055,38.467498779296875,156521600
2017-05-10,35.38104248046875,38.314998626708984,38.48500061035156,38.02750015258789,38.407501220703125,103222800
2017-05-11,35.687034606933594,38.48749923706055,38.51750183105469,38.07749938964844,38.11249923706055,109020400
2017-05-12,36.18543243408203,39.025001525878906,39.10499954223633,38.66749954223633,38.67499923706055,130108000
2017-05-15,36.09269332885742,38.92499923706055,39.162498474121094,38.76250076293945,39.002498626708984,104038800
2017-05-16,36.03938293457031,38.86750030517578,39.01499938964844,38.68000030517578,38.98500061035156,80194000
2017-05-17,34.82933807373047,37.5625,38.64250183105469,37.4275016784668,38.400001525878906,203070800
2017-05-18,35.360172271728516,38.1349983215332,38.334999084472656,37.782501220703125,37.817501068115234,134272800
2017-05-19,35.480712890625,38.26499938964844,38.494998931884766,38.157501220703125,38.345001220703125,107843200
2017-05-22,35.69629669189453,38.497501373291016,38.64500045776367,38.227500915527344,38.5,91865600
2017-05-23,35.652244567871094,38.45000076293945,38.724998474121094,38.32749938964844,38.724998474121094,79675600
2017-05-24,35.545623779296875,38.334999084472656,38.54249954223633,38.16749954223633,38.459999084472656,76712000
2017-05-25,35.66847610473633,38.467498779296875,38.587501525878906,38.25749969482422,38.432498931884766,76942400
2017-05-26,35.60820770263672,38.40250015258789,38.560001373291016,38.32749938964844,38.5,87710400
2017-05-30,35.62211990356445,38.41749954223633,38.60749816894531,38.33250045776367,38.35499954223633,80507600
2017-05-31,35.41117477416992,38.189998626708984,38.54249954223633,38.095001220703125,38.49250030517578,97804800
2017-06-01,35.5085334777832,38.29499816894531,38.33250045776367,38.05500030517578,38.29249954223633,65616400
2017-06-02,36.03474426269531,38.86249923706055,38.86249923706055,38.22249984741211,38.39500045776367,111082800
2017-06-05,35.68238830566406,38.48249816894531,38.61249923706055,38.3650016784668,38.584999084472656,101326800
2017-06-06,35.80292510986328,38.61249923706055,38.95249938964844,38.44499969482422,38.474998474121094,106499600
2017-06-07,36.01618957519531,38.842498779296875,38.994998931884766,38.619998931884766,38.755001068115234,84278400
2017-06-08,35.92811584472656,38.747501373291016,38.8849983215332,38.599998474121094,38.8125,85003200
2017-06-09,34.53493881225586,37.244998931884766,38.79750061035156,36.505001068115234,38.79750061035156,259530800
2017-06-12,33.70969009399414,36.35499954223633,36.522499084472656,35.627498626708984,36.435001373291016,289229200
2017-06-13,33.98090744018555,36.647499084472656,36.86249923706055,36.287498474121094,36.790000915527344,136661600
2017-06-14,33.64943313598633,36.290000915527344,36.875,35.959999084472656,36.875,126124800
2017-06-15,33.44774627685547,36.0724983215332,36.119998931884766,35.5525016784668,35.83000183105469,128661600
2017-06-16,32.97949981689453,35.567501068115234,36.125,35.54999923706055,35.94499969482422,201444400
2017-06-19,33.9229736328125,36.584999084472656,36.685001373291016,35.915000915527344,35.915000915527344,130165600
2017-06-20,33.614662170410156,36.252498626708984,36.717498779296875,36.23500061035156,36.717498779296875,99600400
2017-06-21,33.81401824951172,36.467498779296875,36.51750183105469,36.15250015258789,36.380001068115234,85063200
2017-06-22,33.75837326049805,36.407501220703125,36.67499923706055,36.279998779296875,36.442501068115234,76425200
2017-06-23,33.9090576171875,36.56999969482422,36.790000915527344,36.27750015258789,36.282501220703125,141757600
2017-06-26,33.80242919921875,36.45500183105469,37.06999969482422,36.345001220703125,36.79249954223633,102769600
2017-06-27,33.31794738769531,35.932498931884766,36.540000915527344,35.904998779296875,36.252498626708984,99047600
2017-06-28,33.80473709106445,36.45750045776367,36.52750015258789,35.790000915527344,36.122501373291016,88329600
2017-06-29,33.30634307861328,35.91999816894531,36.282501220703125,35.56999969482422,36.1775016784668,125997600
2017-06-30,33.385154724121094,36.005001068115234,36.2400016784668,35.94499969482422,36.11249923706055,92096400
2017-07-03,33.26462173461914,35.875,36.32500076293945,35.775001525878906,36.220001220703125,57111200
2017-07-05,33.40138626098633,36.022499084472656,36.1974983215332,35.68000030517578,35.92250061035156,86278400
2017-07-06,33.08613967895508,35.682498931884766,35.875,35.602500915527344,35.755001068115234,96515200
2017-07-07,33.42226028442383,36.04499816894531,36.1875,35.724998474121094,35.724998474121094,76806800
2017-07-10,33.626243591308594,36.26499938964844,36.48749923706055,35.842498779296875,36.02750015258789,84362400
2017-07-11,33.73519515991211,36.38249969482422,36.462501525878906,36.095001220703125,36.182498931884766,79127200
2017-07-12,33.78388595581055,36.435001373291016,36.54499816894531,36.20500183105469,36.467498779296875,99538000
2017-07-13,34.25444793701172,36.942501068115234,37.122501373291016,36.36000061035156,36.375,100797600
2017-07-14,34.54883575439453,37.2599983215332,37.33250045776367,36.83250045776367,36.99250030517578,80528400
2017-07-17,34.66938781738281,37.38999938964844,37.724998474121094,37.14250183105469,37.20500183105469,95174000
2017-07-18,34.789913177490234,37.52000045776367,37.532501220703125,37.16749954223633,37.29999923706055,71475200
2017-07-19,35.007835388183594,37.755001068115234,37.85499954223633,37.48749923706055,37.619998931884766,83692000
2017-07-20,34.85020065307617,37.584999084472656,37.935001373291016,37.54750061035156,37.875,68974800
2017-07-21,34.83397674560547,37.567501068115234,37.61000061035156,37.220001220703125,37.497501373291016,105010400
2017-07-24,35.255855560302734,38.022499084472656,38.11000061035156,37.474998474121094,37.64500045776367,85972800
2017-07-25,35.40653610229492,38.185001373291016,38.459999084472656,37.95000076293945,37.95000076293945,75415600
2017-07-26,35.57344055175781,38.3650016784668,38.48249816894531,38.26499938964844,38.337501525878906,63124000
2017-07-27,34.90119552612305,37.63999938964844,38.497501373291016,36.82500076293945,38.4375,129905200
2017-07-28,34.65548324584961,37.375,37.557498931884766,37.29750061035156,37.47249984741211,68854800
2017-07-31,34.476985931396484,37.182498931884766,37.58250045776367,37.032501220703125,37.474998474121094,79383600
2017-08-01,34.78296661376953,37.51250076293945,37.55500030517578,37.102500915527344,37.275001525878906,141474400
2017-08-02,36.42649459838867,39.28499984741211,39.9375,39.040000915527344,39.81999969482422,279747200
2017-08-03,36.062564849853516,38.89250183105469,39.3025016784668,38.755001068115234,39.26250076293945,108389200
2017-08-04,36.25263977050781,39.09749984741211,39.349998474121094,38.92250061035156,39.01750183105469,82239600
2017-08-07,36.813621520996094,39.70249938964844,39.72999954223633,39.16749954223633,39.26499938964844,87481200
2017-08-08,37.1080207824707,40.02000045776367,40.45750045776367,39.567501068115234,39.650001525878906,144823600
2017-08-09,37.33518600463867,40.26499938964844,40.317501068115234,39.77750015258789,39.814998626708984,104526000
2017-08-10,36.14598846435547,38.83000183105469,40.0,38.657501220703125,39.974998474121094,163217200
2017-08-11,36.64867401123047,39.369998931884766,39.64250183105469,39.01750183105469,39.150001525878906,105028400
2017-08-14,37.200218200683594,39.962501525878906,40.0525016784668,39.6875,39.83000183105469,88490800
2017-08-15,37.60748291015625,40.400001525878906,40.54999923706055,40.03499984741211,40.165000915527344,117862000
2017-08-16,37.45620346069336,40.23749923706055,40.627498626708984,40.037498474121094,40.48500061035156,110686400
2017-08-17,36.737117767333984,39.46500015258789,40.1775016784668,39.459999084472656,40.130001068115234,111762400
2017-08-18,36.65332794189453,39.375,39.875,39.18000030517578,39.46500015258789,109712400
2017-08-21,36.585819244384766,39.3025016784668,39.47249984741211,38.77750015258789,39.375,105474000
2017-08-22,37.183929443359375,39.94499969482422,40.0,39.505001068115234,39.557498931884766,86418400
2017-08-23,37.230472564697266,39.994998931884766,40.11750030517578,39.720001220703125,39.76750183105469,77596400
2017-08-24,37.06523895263672,39.817501068115234,40.185001373291016,39.63750076293945,40.10749816894531,79275600
2017-08-25,37.202537536621094,39.96500015258789,40.13999938964844,39.817501068115234,39.912498474121094,101920400
2017-08-28,37.57722854614258,40.36750030517578,40.5,39.98249816894531,40.03499984741211,103864000
2017-08-29,37.91234588623047,40.727500915527344,40.779998779296875,40.0,40.025001525878906,118067600
2017-08-30,38.01473617553711,40.837501525878906,40.97249984741211,40.65250015258789,40.95000076293945,109078400
2017-08-31,38.1660041809082,41.0,41.130001068115234,40.869998931884766,40.90999984741211,107140400
2017-09-01,38.17763900756836,41.01250076293945,41.23500061035156,40.907501220703125,41.20000076293945,66364400
2017-09-05,37.719181060791016,40.52000045776367,41.0625,40.13999938964844,40.9375,117874000
2017-09-06,37.679622650146484,40.477500915527344,40.747501373291016,40.130001068115234,40.6775016784668,86606800
2017-09-07,37.52835464477539,40.314998626708984,40.560001373291016,40.09000015258789,40.522499084472656,87714000
2017-09-08,36.91630172729492,39.657501220703125,40.287498474121094,39.63249969482422,40.21500015258789,114446000
2017-09-11,37.58419418334961,40.375,40.51250076293945,39.97249984741211,40.125,126323200
2017-09-12,37.435272216796875,40.21500015258789,40.9900016784668,39.692501068115234,40.65250015258789,286856000
2017-09-13,37.1536750793457,39.912498474121094,39.9900016784668,39.477500915527344,39.967498779296875,179629600
2017-09-14,36.83485412597656,39.56999969482422,39.849998474121094,39.522499084472656,39.747501373291016,95042800
2017-09-15,37.20719909667969,39.970001220703125,40.24250030517578,39.5,39.61750030517578,196458400
2017-09-18,36.925601959228516,39.66749954223633,40.125,39.5,40.02750015258789,113077600
2017-09-19,36.939571380615234,39.682498931884766,39.942501068115234,39.61000061035156,39.877498626708984,83242400
2017-09-20,36.32054138183594,39.01750183105469,39.564998626708984,38.45750045776367,39.474998474121094,211805600
2017-09-21,35.696842193603516,38.34749984741211,38.95000076293945,38.1875,38.95000076293945,150046800
2017-09-22,35.347782135009766,37.97249984741211,38.067501068115234,37.63999938964844,37.8849983215332,186581600
2017-09-25,35.03593063354492,37.63750076293945,37.95750045776367,37.290000915527344,37.497501373291016,177549200
2017-09-26,35.6386833190918,38.28499984741211,38.47999954223633,37.92250061035156,37.94499969482422,146640000
2017-09-27,35.89232635498047,38.557498931884766,38.68000030517578,38.3849983215332,38.45000076293945,102016800
2017-09-28,35.67123031616211,38.31999969482422,38.56999969482422,38.17499923706055,38.47249984741211,88022000
2017-09-29,35.86673355102539,38.529998779296875,38.532501220703125,38.0,38.3025016784668,105199200
2017-10-02,35.794586181640625,38.45249938964844,38.61249923706055,38.18000030517578,38.564998626708984,74795200
2017-10-03,35.950504302978516,38.619998931884766,38.772499084472656,38.477500915527344,38.502498626708984,64921200
2017-10-04,35.71779251098633,38.369998931884766,38.46500015258789,38.1150016784668,38.407501220703125,80655200
2017-10-05,36.16228103637695,38.84749984741211,38.86000061035156,38.51250076293945,38.54499816894531,85135200
2017-10-06,36.141361236572266,38.82500076293945,38.872501373291016,38.63999938964844,38.74250030517578,69630400
2017-10-09,36.26702117919922,38.959999084472656,39.182498931884766,38.872501373291016,38.95249938964844,65051600
2017-10-10,36.280967712402344,38.974998474121094,39.5,38.775001525878906,39.01499938964844,62468000
2017-10-11,36.43223571777344,39.13750076293945,39.244998931884766,38.9375,38.99250030517578,67622400
2017-10-12,36.30424499511719,39.0,39.342498779296875,38.932498931884766,39.087501525878906,64500400
2017-10-13,36.53464126586914,39.247501373291016,39.31999969482422,39.102500915527344,39.182498931884766,65576800
2017-10-16,37.20719909667969,39.970001220703125,40.0,39.412498474121094,39.474998474121094,96486000
2017-10-17,37.344482421875,40.11750030517578,40.217498779296875,39.807498931884766,39.94499969482422,75989200
2017-10-18,37.17926025390625,39.939998626708984,40.1775016784668,39.900001525878906,40.10499954223633,65496800
2017-10-19,36.29959487915039,38.994998931884766,39.27000045776367,38.755001068115234,39.1875,170336800
2017-10-20,36.362422943115234,39.0625,39.4375,38.9900016784668,39.15250015258789,95896400
2017-10-23,36.343807220458984,39.04249954223633,39.42250061035156,38.875,39.22249984741211,87937200
2017-10-24,36.56023406982422,39.275001525878906,39.35499954223633,39.04999923706055,39.0724983215332,71028800
2017-10-25,36.399654388427734,39.102500915527344,39.38750076293945,38.817501068115234,39.227500915527344,84828400
2017-10-26,36.63237762451172,39.352500915527344,39.45750045776367,39.19499969482422,39.307498931884766,68002000
2017-10-27,37.944923400878906,40.76250076293945,40.900001525878906,39.67499923706055,39.8224983215332,177816800
2017-10-30,38.79900360107422,41.68000030517578,42.01750183105469,40.93000030517578,40.97249984741211,178803200
2017-10-31,39.33891296386719,42.2599983215332,42.412498474121094,41.73500061035156,41.974998474121094,144187200
2017-11-01,38.83856201171875,41.72249984741211,42.48500061035156,41.40250015258789,42.467498779296875,134551200
2017-11-02,39.12247848510742,42.02750015258789,42.125,41.31999969482422,41.650001525878906,165573600
2017-11-03,40.14412307739258,43.125,43.564998626708984,42.779998779296875,43.5,237594400
2017-11-06,40.55137634277344,43.5625,43.747501373291016,42.93000030517578,43.092498779296875,140105200
2017-11-07,40.68170928955078,43.70249938964844,43.8125,43.400001525878906,43.477500915527344,97446000
2017-11-08,41.01449966430664,44.060001373291016,44.060001373291016,43.58250045776367,43.665000915527344,97638000
2017-11-09,40.93070983886719,43.970001220703125,44.025001525878906,43.28499984741211,43.77750015258789,117930400
2017-11-10,40.795249938964844,43.66749954223633,43.845001220703125,43.567501068115234,43.77750015258789,100582000
2017-11-13,40.63175964355469,43.49250030517578,43.625,43.349998474121094,43.375,67928400
2017-11-14,40.01750946044922,42.834999084472656,43.369998931884766,42.79499816894531,43.2599983215332,99130000
2017-11-15,39.48966979980469,42.27000045776367,42.58000183105469,42.095001220703125,42.49250030517578,116632400
2017-11-16,39.96146011352539,42.775001525878906,42.967498779296875,42.57500076293945,42.79499816894531,94550000
2017-11-17,39.73957061767578,42.537498474121094,42.84749984741211,42.40999984741211,42.7599983215332,87598000
2017-11-20,39.69987106323242,42.494998931884766,42.63999938964844,42.38999938964844,42.5724983215332,65049600
2017-11-21,40.43790817260742,43.28499984741211,43.42499923706055,42.69499969482422,42.69499969482422,100525200
2017-11-22,40.86298370361328,43.7400016784668,43.75,43.26250076293945,43.34000015258789,102355600
2017-11-24,40.86531448364258,43.74250030517578,43.875,43.662498474121094,43.775001525878906,56106800
2017-11-27,40.659786224365234,43.522499084472656,43.77000045776367,43.334999084472656,43.76250076293945,82867200
2017-11-28,40.42155456542969,43.26750183105469,43.717498779296875,42.96500015258789,43.57500076293945,105715200
2017-11-29,39.583091735839844,42.369998931884766,43.22999954223633,41.790000915527344,43.157501220703125,166665600
2017-11-30,40.13662338256836,42.962501525878906,43.03499984741211,42.11000061035156,42.60749816894531,166108800
2017-12-01,39.94977951049805,42.76250076293945,42.91749954223633,42.125,42.48749923706055,159037200
2017-12-04,39.6578369140625,42.45000076293945,43.154998779296875,42.407501220703125,43.119998931884766,130169600
2017-12-05,39.62045669555664,42.40999984741211,42.880001068115234,42.099998474121094,42.26499938964844,109400800
2017-12-06,39.47332000732422,42.252498626708984,42.54999923706055,41.6150016784668,41.875,114240000
2017-12-07,39.545719146728516,42.33000183105469,42.61000061035156,42.227500915527344,42.25749969482422,102693200
2017-12-08,39.55739974975586,42.342498779296875,42.75,42.20500183105469,42.622501373291016,93420800
2017-12-11,40.328128814697266,43.16749954223633,43.22249984741211,42.1974983215332,42.29999923706055,141095200
2017-12-12,40.101593017578125,42.92499923706055,43.09749984741211,42.8650016784668,43.037498474121094,77636800
2017-12-13,40.23472213745117,43.067501068115234,43.3849983215332,43.0,43.125,95273600
2017-12-14,40.223045349121094,43.05500030517578,43.282501220703125,42.912498474121094,43.099998474121094,81906000
2017-12-15,40.63175964355469,43.49250030517578,43.54249954223633,43.1150016784668,43.407501220703125,160677200
2017-12-18,41.20396423339844,44.10499954223633,44.29999923706055,43.71500015258789,43.720001220703125,117684400
2017-12-19,40.764888763427734,43.6349983215332,43.84749984741211,43.522499084472656,43.75749969482422,109745600
2017-12-20,40.720516204833984,43.587501525878906,43.85499954223633,43.3125,43.717498779296875,93902400
2017-12-21,40.87466049194336,43.752498626708984,44.005001068115234,43.525001525878906,43.54249954223633,83799600
2017-12-22,40.87466049194336,43.752498626708984,43.85499954223633,43.625,43.66999816894531,65397600
2017-12-26,39.837669372558594,42.64250183105469,42.86750030517578,42.41999816894531,42.70000076293945,132742000
2017-12-27,39.84468078613281,42.650001525878906,42.69499969482422,42.4275016784668,42.525001525878906,85992800
2017-12-28,39.95677947998047,42.77000045776367,42.962501525878906,42.619998931884766,42.75,65920800
2017-12-29,39.52470397949219,42.307498931884766,42.647499084472656,42.30500030517578,42.630001068115234,103999600
2018-01-02,40.23237991333008,43.064998626708984,43.07500076293945,42.314998626708984,42.540000915527344,102223600
2018-01-03,40.22536849975586,43.057498931884766,43.63750076293945,42.9900016784668,43.13249969482422,118071600
2018-01-04,40.41221618652344,43.25749969482422,43.36750030517578,43.02000045776367,43.1349983215332,89738400
2018-01-05,40.8723258972168,43.75,43.842498779296875,43.26250076293945,43.36000061035156,94640000
2018-01-08,40.720516204833984,43.587501525878906,43.90250015258789,43.48249816894531,43.587501525878906,82271200
2018-01-09,40.715843200683594,43.58250045776367,43.76499938964844,43.352500915527344,43.63750076293945,86336000
2018-01-10,40.70649719238281,43.5724983215332,43.57500076293945,43.25,43.290000915527344,95839600
2018-01-11,40.93772506713867,43.81999969482422,43.872501373291016,43.622501373291016,43.647499084472656,74670800
2018-01-12,41.36045837402344,44.272499084472656,44.34000015258789,43.912498474121094,44.04499816894531,101672400
2018-01-16,41.15024948120117,44.04750061035156,44.84749984741211,44.03499984741211,44.474998474121094,118263600
2018-01-17,41.82990646362305,44.775001525878906,44.8125,43.76750183105469,44.037498474121094,137547200
2018-01-18,41.86726760864258,44.814998626708984,45.025001525878906,44.5625,44.842498779296875,124773600
2018-01-19,41.6804313659668,44.6150016784668,44.89500045776367,44.352500915527344,44.65250015258789,129700400
2018-01-22,41.339439392089844,44.25,44.44499969482422,44.150001525878906,44.32500076293945,108434400
2018-01-23,41.348785400390625,44.2599983215332,44.86000061035156,44.20500183105469,44.32500076293945,130756400
2018-01-24,40.690147399902344,43.55500030517578,44.32500076293945,43.29999923706055,44.3125,204420400
2018-01-25,39.963783264160156,42.77750015258789,43.73749923706055,42.63249969482422,43.627498626708984,166116000
2018-01-26,40.05720901489258,42.877498626708984,43.0,42.51499938964844,43.0,156572000
2018-01-29,39.228084564208984,41.9900016784668,42.540000915527344,41.76750183105469,42.540000915527344,202561600
2018-01-30,38.99686813354492,41.74250030517578,41.842498779296875,41.17499923706055,41.38249969482422,184192800
2018-01-31,39.10429763793945,41.85749816894531,42.11000061035156,41.625,41.717498779296875,129915600
2018-02-01,39.18604278564453,41.94499969482422,42.154998779296875,41.689998626708984,41.79249954223633,188923200
2018-02-02,37.48575973510742,40.125,41.70000076293945,40.025001525878906,41.5,346375200
2018-02-05,36.5492057800293,39.122501373291016,40.970001220703125,39.0,39.775001525878906,290954000
2018-02-06,38.076656341552734,40.75749969482422,40.93000030517578,38.5,38.70750045776367,272975200
2018-02-07,37.26154708862305,39.8849983215332,40.849998474121094,39.76750183105469,40.772499084472656,206434400
2018-02-08,36.236236572265625,38.787498474121094,40.25,38.75749969482422,40.0724983215332,217562000
2018-02-09,36.679439544677734,39.102500915527344,39.47249984741211,37.560001373291016,39.26750183105469,282690400
2018-02-12,38.156856536865234,40.6775016784668,40.97249984741211,39.377498626708984,39.625,243278000
2018-02-13,38.53909683227539,41.084999084472656,41.1875,40.412498474121094,40.48749923706055,130196800
2018-02-14,39.24966812133789,41.842498779296875,41.8849983215332,40.720001220703125,40.7599983215332,162579600
2018-02-15,40.56760025024414,43.247501373291016,43.272499084472656,42.25,42.4474983215332,204588800
2018-02-16,40.436279296875,43.10749816894531,43.70500183105469,42.942501068115234,43.09000015258789,160704400
2018-02-20,40.30026626586914,42.962501525878906,43.564998626708984,42.85499954223633,43.01250076293945,135722000
2018-02-21,40.11734390258789,42.76750183105469,43.529998779296875,42.752498626708984,43.20750045776367,149886400
2018-02-22,40.45269775390625,43.125,43.48749923706055,42.9275016784668,42.95000076293945,123967600
2018-02-23,41.156211853027344,43.875,43.912498474121094,43.3849983215332,43.41749954223633,135249600
2018-02-26,41.96996307373047,44.74250030517578,44.84749984741211,44.0525016784668,44.087501525878906,152648800
2018-02-27,41.833953857421875,44.59749984741211,45.119998931884766,44.540000915527344,44.775001525878906,155712400
2018-02-28,41.77062225341797,44.529998779296875,45.154998779296875,44.51250076293945,44.814998626708984,151128400
2018-03-01,41.038970947265625,43.75,44.94499969482422,43.165000915527344,44.6349983215332,195208000
2018-03-02,41.322723388671875,44.0525016784668,44.07500076293945,43.11249923706055,43.20000076293945,153816000
2018-03-05,41.46577072143555,44.20500183105469,44.435001373291016,43.630001068115234,43.8025016784668,113605600
2018-03-06,41.43058776855469,44.16749954223633,44.5625,44.032501220703125,44.477500915527344,95154000
2018-03-07,41.04599380493164,43.75749969482422,43.962501525878906,43.567501068115234,43.73500061035156,126814000
2018-03-08,41.49391174316406,44.23500061035156,44.279998779296875,43.76750183105469,43.869998931884766,95096400
2018-03-09,42.2067985534668,44.994998931884766,45.0,44.34749984741211,44.4900016784668,128740800
2018-03-12,42.6148567199707,45.43000030517578,45.59749984741211,45.0525016784668,45.0724983215332,128828400
2018-03-13,42.204463958740234,44.99250030517578,45.875,44.810001373291016,45.647499084472656,126774000
2018-03-14,41.84567642211914,44.61000061035156,45.130001068115234,44.45249938964844,45.08000183105469,117473600
2018-03-15,41.894920349121094,44.662498474121094,45.060001373291016,44.51750183105469,44.625,90975200
2018-03-16,41.74717712402344,44.505001068115234,44.779998779296875,44.404998779296875,44.662498474121094,157618800
2018-03-19,41.10932540893555,43.82500076293945,44.36750030517578,43.415000915527344,44.33000183105469,133787200
2018-03-20,41.09524917602539,43.810001373291016,44.20000076293945,43.73500061035156,43.810001373291016,78597600
2018-03-21,40.164249420166016,42.817501068115234,43.772499084472656,42.814998626708984,43.7599983215332,148219600
2018-03-22,39.59674835205078,42.212501525878906,43.16999816894531,42.150001525878906,42.5,165963200
2018-03-23,38.67980194091797,41.23500061035156,42.47999954223633,41.23500061035156,42.09749984741211,164115200
2018-03-26,40.51601028442383,43.192501068115234,43.275001525878906,41.61000061035156,42.01750183105469,150164800
2018-03-27,39.477134704589844,42.084999084472656,43.787498474121094,41.72999954223633,43.41999816894531,163690400
2018-03-28,39.04094696044922,41.619998931884766,42.505001068115234,41.29750061035156,41.8125,166674000
2018-03-29,39.34580612182617,41.94499969482422,42.9375,41.724998474121094,41.95249938964844,153594000
2018-04-02,39.08785629272461,41.66999816894531,42.23500061035156,41.11750030517578,41.65999984741211,150347200
2018-04-03,39.48886489868164,42.09749984741211,42.1875,41.220001220703125,41.90999984741211,121112000
2018-04-04,40.24396896362305,42.90250015258789,43.002498626708984,41.192501068115234,41.220001220703125,138422000
2018-04-05,40.523040771484375,43.20000076293945,43.557498931884766,43.02000045776367,43.14500045776367,107732800
2018-04-06,39.48651885986328,42.095001220703125,43.119998931884766,42.04999923706055,42.74250030517578,140021200
2018-04-09,39.87814712524414,42.51250076293945,43.272499084472656,42.462501525878906,42.470001220703125,116070800
2018-04-10,40.628570556640625,43.3125,43.5,42.88249969482422,43.25,113634400
2018-04-11,40.43863296508789,43.11000061035156,43.47999954223633,42.92499923706055,43.057498931884766,89726400
2018-04-12,40.83728790283203,43.53499984741211,43.75,43.2599983215332,43.352500915527344,91557200
2018-04-13,40.97563934326172,43.682498931884766,43.959999084472656,43.462501525878906,43.69499969482422,100497200
2018-04-16,41.231258392333984,43.95500183105469,44.04750061035156,43.70750045776367,43.75749969482422,86313600
2018-04-17,41.79878234863281,44.560001373291016,44.73500061035156,44.102500915527344,44.122501373291016,106421600
2018-04-18,41.704959869384766,44.459999084472656,44.70500183105469,44.220001220703125,44.45249938964844,83018000
2018-04-19,40.523040771484375,43.20000076293945,43.84749984741211,43.165000915527344,43.439998626708984,139235200
2018-04-20,38.86273193359375,41.43000030517578,42.80500030517578,41.35749816894531,42.650001525878906,261964400
2018-04-23,38.75016403198242,41.310001373291016,41.72999954223633,41.022499084472656,41.70750045776367,146062000
2018-04-24,38.21079635620117,40.73500061035156,41.58250045776367,40.30500030517578,41.41749954223633,134768000
2018-04-25,38.377281188964844,40.912498474121094,41.35499954223633,40.602500915527344,40.654998779296875,113528400
2018-04-26,38.51096725463867,41.05500030517578,41.432498931884766,40.842498779296875,41.029998779296875,111852000
2018-04-27,38.06539535522461,40.58000183105469,41.08250045776367,40.157501220703125,41.0,142623200
2018-04-30,38.75485610961914,41.314998626708984,41.814998626708984,40.459999084472656,40.532501220703125,169709600
2018-05-01,39.65536880493164,42.275001525878906,42.29999923706055,41.317501068115234,41.602500915527344,214277600
2018-05-02,41.407142639160156,44.14250183105469,44.4375,43.45000076293945,43.807498931884766,266157600
2018-05-03,41.48219299316406,44.22249984741211,44.375,43.61000061035156,43.970001220703125,136272800
2018-05-04,43.10968017578125,45.95750045776367,46.0625,44.54249954223633,44.5625,224805200
2018-05-07,43.42157745361328,46.290000915527344,46.91749954223633,46.1875,46.29499816894531,169805600
2018-05-08,43.63028335571289,46.51250076293945,46.55500030517578,45.91749954223633,46.247501373291016,113611200
2018-05-09,43.93748474121094,46.84000015258789,46.849998474121094,46.30500030517578,46.63750076293945,92844800
2018-05-10,44.56596374511719,47.5099983215332,47.592498779296875,46.912498474121094,46.935001373291016,111957200
2018-05-11,44.396484375,47.147499084472656,47.51499938964844,46.86249923706055,47.372501373291016,104848800
2018-05-14,44.29289627075195,47.037498474121094,47.38249969482422,46.96500015258789,47.252498626708984,83115200
2018-05-15,43.89033508300781,46.61000061035156,46.76750183105469,46.275001525878906,46.69499969482422,94780800
2018-05-16,44.299949645996094,47.04499816894531,47.1150016784668,46.5,46.51750183105469,76732400
2018-05-17,44.01980972290039,46.747501373291016,47.227500915527344,46.59000015258789,47.0,69176000
2018-05-18,43.8597297668457,46.57749938964844,46.95249938964844,46.532501220703125,46.79750061035156,73190800
2018-05-21,44.170475006103516,46.907501220703125,47.317501068115234,46.727500915527344,47.0,73603200
2018-05-22,44.0598258972168,46.790000915527344,47.220001220703125,46.69499969482422,47.095001220703125,60962800
2018-05-23,44.342323303222656,47.09000015258789,47.125,46.439998626708984,46.587501525878906,80233600
2018-05-24,44.29289627075195,47.037498474121094,47.209999084472656,46.5525016784668,47.192501068115234,92936000
2018-05-25,44.39411163330078,47.14500045776367,47.412498474121094,46.912498474121094,47.057498931884766,69844000
2018-05-29,44.23402404785156,46.974998474121094,47.1875,46.717498779296875,46.900001525878906,90056400
2018-05-30,44.13987350463867,46.875,47.0,46.69499969482422,46.93000030517578,74762000
2018-05-31,43.991554260253906,46.717498779296875,47.057498931884766,46.53499984741211,46.80500030517578,109931200
2018-06-01,44.78490447998047,47.560001373291016,47.564998626708984,46.9375,46.997501373291016,93770000
2018-06-04,45.159202575683594,47.95750045776367,48.35499954223633,47.837501525878906,47.90999984741211,105064800
2018-06-05,45.507625579833984,48.32749938964844,48.48500061035156,48.09000015258789,48.26750183105469,86264000
2018-06-06,45.665348052978516,48.494998931884766,48.52000045776367,47.97999954223633,48.407501220703125,83734400
2018-06-07,45.54292678833008,48.3650016784668,48.54999923706055,48.084999084472656,48.53499984741211,85388800
2018-06-08,45.12860870361328,47.92499923706055,48.0,47.442501068115234,47.79249954223633,106627200
2018-06-11,45.0179557800293,47.807498931884766,47.99250030517578,47.5525016784668,47.837501525878906,73234000
2018-06-12,45.265140533447266,48.06999969482422,48.15250015258789,47.787498474121094,47.84749984741211,67644400
2018-06-13,44.8931884765625,47.67499923706055,48.220001220703125,47.61000061035156,48.10499954223633,86553600
2018-06-14,44.91672134399414,47.70000076293945,47.89250183105469,47.55500030517578,47.88750076293945,86440400
2018-06-15,44.455326080322266,47.209999084472656,47.540000915527344,47.064998626708984,47.50749969482422,246876800
2018-06-18,44.43178939819336,47.185001373291016,47.30500030517578,46.79999923706055,46.970001220703125,73939600
2018-06-19,43.71378707885742,46.42250061035156,46.58250045776367,45.86249923706055,46.28499984741211,134314000
2018-06-20,43.90446090698242,46.625,46.79999923706055,46.432498931884766,46.587501525878906,82514800
2018-06-21,43.65962600708008,46.3650016784668,47.087501525878906,46.23500061035156,46.8125,102847600
2018-06-22,43.53249740600586,46.22999954223633,46.537498474121094,46.17499923706055,46.529998779296875,108801600
2018-06-25,42.885128021240234,45.54249954223633,46.22999954223633,45.182498931884766,45.849998474121094,126652400
2018-06-26,43.417152404785156,46.10749816894531,46.63249969482422,45.6349983215332,45.747501373291016,98276800
2018-06-27,43.35359191894531,46.040000915527344,46.81999969482422,46.00749969482422,46.307498931884766,101141200
2018-06-28,43.669044494628906,46.375,46.5525016784668,45.95000076293945,46.025001525878906,69460800
2018-06-29,43.577232360839844,46.27750015258789,46.79750061035156,45.727500915527344,46.5724983215332,90950800
2018-07-02,44.064544677734375,46.79499816894531,46.82500076293945,45.85499954223633,45.95500183105469,70925200
2018-07-03,43.297088623046875,45.97999954223633,46.98749923706055,45.8849983215332,46.9474983215332,55819200
2018-07-05,43.64550018310547,46.349998474121094,46.602500915527344,46.06999969482422,46.314998626708984,66416800
2018-07-06,44.25050735473633,46.99250030517578,47.10749816894531,46.29999923706055,46.35499954223633,69940800
2018-07-09,44.864933013916016,47.64500045776367,47.66999816894531,47.32500076293945,47.375,79026400
2018-07-10,44.8108024597168,47.587501525878906,47.81999969482422,47.54499816894531,47.6775016784668,63756400
2018-07-11,44.229331970214844,46.970001220703125,47.44499969482422,46.90250015258789,47.125,75326000
2018-07-12,44.97087478637695,47.75749969482422,47.852500915527344,47.32749938964844,47.38249969482422,72164400
2018-07-13,45.04151153564453,47.83250045776367,47.959999084472656,47.724998474121094,47.77000045776367,50055600
2018-07-16,44.94263458251953,47.727500915527344,48.162498474121094,47.60499954223633,47.880001068115234,60172400
2018-07-17,45.06975173950195,47.86249923706055,47.967498779296875,47.29999923706055,47.4375,62138000
2018-07-18,44.822574615478516,47.599998474121094,47.95000076293945,47.48249816894531,47.94499969482422,65573600
2018-07-19,45.17098617553711,47.970001220703125,48.13750076293945,47.42250061035156,47.42250061035156,81147200
2018-07-20,45.0673942565918,47.86000061035156,48.10749816894531,47.54249954223633,47.94499969482422,82704800
2018-07-23,45.107425689697266,47.90250015258789,47.9900016784668,47.38999938964844,47.66999816894531,63957600
2018-07-24,45.43464279174805,48.25,48.415000915527344,48.01250076293945,48.11249923706055,74791600
2018-07-25,45.86309814453125,48.70500183105469,48.712501525878906,48.10749816894531,48.26499938964844,66839600
2018-07-26,45.71949005126953,48.5525016784668,48.9900016784668,48.40250015258789,48.65250015258789,76304000
2018-07-27,44.9591064453125,47.744998931884766,48.79750061035156,47.525001525878906,48.747501373291016,96096000
2018-07-30,44.70721435546875,47.477500915527344,48.04999923706055,47.26750183105469,47.974998474121094,84118000
2018-07-31,44.79667282104492,47.5724983215332,48.03499984741211,47.334999084472656,47.57500076293945,157492000
2018-08-01,47.43564224243164,50.375,50.439998626708984,49.32749938964844,49.782501220703125,271742800
2018-08-02,48.82223129272461,51.84749984741211,52.095001220703125,50.087501525878906,50.14500045776367,249616000
2018-08-03,48.96348571777344,51.997501373291016,52.185001373291016,51.369998931884766,51.75749969482422,133789600
2018-08-06,49.21773147583008,52.26750183105469,52.3125,51.76750183105469,52.0,101701600
2018-08-07,48.756317138671875,51.77750015258789,52.375,51.689998626708984,52.33000183105469,102349600
2018-08-08,48.789268493652344,51.8125,51.95249938964844,51.130001068115234,51.51250076293945,90102000
2018-08-09,49.17300033569336,52.220001220703125,52.44499969482422,51.79999923706055,52.38249969482422,93970400
2018-08-10,49.02653503417969,51.88249969482422,52.275001525878906,51.66749954223633,51.84000015258789,98444800
2018-08-13,49.34308624267578,52.217498779296875,52.73749923706055,51.92499923706055,52.32749938964844,103563600
2018-08-14,49.55097961425781,52.4375,52.63999938964844,52.064998626708984,52.540000915527344,82992000
2018-08-15,49.6667366027832,52.560001373291016,52.685001373291016,52.08250045776367,52.30500030517578,115230400
2018-08-16,50.39434814453125,53.33000183105469,53.45249938964844,52.86750030517578,52.9375,114001600
2018-08-17,51.400733947753906,54.39500045776367,54.48749923706055,53.290000915527344,53.36000061035156,141708000
2018-08-20,50.89989471435547,53.8650016784668,54.79499816894531,53.77750015258789,54.525001525878906,121150800
2018-08-21,50.80067825317383,53.7599983215332,54.29750061035156,53.50749969482422,54.20000076293945,104639200
2018-08-22,50.803043365478516,53.76250076293945,54.09000015258789,53.459999084472656,53.525001525878906,76072400
2018-08-23,50.90699005126953,53.872501373291016,54.26250076293945,53.650001525878906,53.662498474121094,75532800
2018-08-24,51.06526184082031,54.040000915527344,54.224998474121094,53.77750015258789,54.150001525878906,73905600
2018-08-27,51.48576354980469,54.48500061035156,54.685001373291016,54.08250045776367,54.287498474121094,82100400
2018-08-28,51.90155029296875,54.92499923706055,55.1349983215332,54.72999954223633,54.752498626708984,91107200
2018-08-29,52.67641067504883,55.744998931884766,55.872501373291016,54.852500915527344,55.037498474121094,109019200
2018-08-30,53.16069793701172,56.25749969482422,57.064998626708984,55.599998474121094,55.8125,195175200
2018-08-31,53.77492904663086,56.907501220703125,57.217498779296875,56.5,56.627498626708984,173360400
2018-09-04,53.947364807128906,57.09000015258789,57.29499816894531,56.657501220703125,57.102500915527344,109560400
2018-09-05,53.59537124633789,56.717498779296875,57.41749954223633,56.275001525878906,57.247501373291016,133332000
2018-09-06,52.704750061035156,55.775001525878906,56.837501525878906,55.32500076293945,56.557498931884766,137160000
2018-09-07,52.279518127441406,55.32500076293945,56.342498779296875,55.1775016784668,55.462501525878906,150479200
2018-09-10,51.57789611816406,54.58250045776367,55.462501525878906,54.11750030517578,55.23749923706055,158066000
2018-09-11,52.88194274902344,55.962501525878906,56.07500076293945,54.13999938964844,54.502498626708984,142996000
2018-09-12,52.22519302368164,55.26750183105469,56.25,54.959999084472656,56.23500061035156,197114800
2018-09-13,53.486698150634766,56.602500915527344,57.087501525878906,55.64250183105469,55.880001068115234,166825600
2018-09-14,52.879573822021484,55.959999084472656,56.709999084472656,55.630001068115234,56.4375,127997200
2018-09-17,51.47160720825195,54.470001220703125,55.73749923706055,54.317501068115234,55.537498474121094,148780400
2018-09-18,51.556644439697266,54.560001373291016,55.462501525878906,54.279998779296875,54.4474983215332,126286800
2018-09-19,51.58734893798828,54.592498779296875,54.904998779296875,53.82500076293945,54.625,108495200
2018-09-20,51.97951126098633,55.00749969482422,55.56999969482422,54.787498474121094,55.060001373291016,106435200
2018-09-21,51.41962432861328,54.415000915527344,55.34000015258789,54.3224983215332,55.19499969482422,384986800
2018-09-24,52.1590461730957,55.1974983215332,55.314998626708984,54.157501220703125,54.20500183105469,110773600
2018-09-25,52.48979187011719,55.54750061035156,55.70500183105469,54.92499923706055,54.9375,98217600
2018-09-26,52.07164001464844,55.10499954223633,55.9375,54.939998626708984,55.25,95938800
2018-09-27,53.14178466796875,56.23749923706055,56.61000061035156,55.8849983215332,55.95500183105469,120724800
2018-09-28,53.32843017578125,56.435001373291016,56.459999084472656,56.005001068115234,56.1974983215332,91717600
2018-10-01,53.6875114440918,56.814998626708984,57.35499954223633,56.587501525878906,56.98749923706055,94403200
2018-10-02,54.164710998535156,57.31999969482422,57.5,56.657501220703125,56.8125,99152800
2018-10-03,54.823814392089844,58.01750183105469,58.36750030517578,57.44499969482422,57.51250076293945,114619200
2018-10-04,53.859954833984375,56.997501373291016,58.087501525878906,56.682498931884766,57.69499969482422,128168000
2018-10-05,52.98588180541992,56.0724983215332,57.102500915527344,55.14500045776367,56.9900016784668,134322000
2018-10-08,52.863037109375,55.942501068115234,56.20000076293945,55.04999923706055,55.5525016784668,118655600
2018-10-09,53.59537124633789,56.717498779296875,56.817501068115234,55.5625,55.90999984741211,107564000
2018-10-10,51.112510681152344,54.09000015258789,56.587501525878906,54.01250076293945,56.3650016784668,167962400
2018-10-11,50.66130065917969,53.61249923706055,54.875,53.08000183105469,53.630001068115234,212497600
2018-10-12,52.470882415771484,55.52750015258789,55.720001220703125,54.209999084472656,55.10499954223633,161351600
2018-10-15,51.34874725341797,54.34000015258789,55.45750045776367,54.317501068115234,55.290000915527344,123164000
2018-10-16,52.4803352355957,55.537498474121094,55.747501373291016,54.189998626708984,54.73249816894531,116736000
2018-10-17,52.2535514831543,55.29750061035156,55.65999984741211,54.834999084472656,55.57500076293945,91541600
2018-10-18,51.032188415527344,54.005001068115234,54.935001373291016,53.25,54.46500015258789,130325200
2018-10-19,51.80941390991211,54.82749938964844,55.314998626708984,54.35749816894531,54.51499938964844,132314800
2018-10-22,52.1259651184082,55.162498474121094,55.84000015258789,54.73500061035156,54.9474983215332,115168400
2018-10-23,52.61735153198242,55.682498931884766,55.8125,53.67499923706055,53.95750045776367,155071200
2018-10-24,50.8124885559082,53.772499084472656,56.057498931884766,53.6349983215332,55.650001525878906,163702000
2018-10-25,51.925167083740234,54.95000076293945,55.345001220703125,54.1875,54.4275016784668,119423200
2018-10-26,51.09832763671875,54.07500076293945,55.04750061035156,53.16749954223633,53.974998474121094,189033600
2018-10-29,50.13922119140625,53.060001373291016,54.92250061035156,51.522499084472656,54.79750061035156,183742000
2018-10-30,50.389610290527344,53.32500076293945,53.79499816894531,52.317501068115234,52.787498474121094,146640000
2018-10-31,51.70310592651367,54.71500015258789,55.11249923706055,54.154998779296875,54.220001220703125,153435600
2018-11-01,52.49686050415039,55.55500030517578,55.59000015258789,54.20249938964844,54.76250076293945,233292800
2018-11-02,49.01470947265625,51.869998931884766,53.412498474121094,51.35749816894531,52.38750076293945,365314800
2018-11-05,47.62327575683594,50.397499084472656,51.09749984741211,49.54249954223633,51.07500076293945,264654800
2018-11-06,48.13827133178711,50.942501068115234,51.18000030517578,50.42250061035156,50.47999954223633,127531600
2018-11-07,49.59822082519531,52.48749923706055,52.51499938964844,51.032501220703125,51.49250030517578,133697600
2018-11-08,49.42517852783203,52.122501373291016,52.529998779296875,51.6875,52.494998931884766,101450400
2018-11-09,48.47217559814453,51.11750030517578,51.502498626708984,50.5625,51.38750076293945,137463200
2018-11-12,46.03043746948242,48.54249954223633,49.962501525878906,48.4474983215332,49.75,204542000
2018-11-13,45.57052993774414,48.057498931884766,49.29499816894531,47.86249923706055,47.907501220703125,187531600
2018-11-14,44.28327941894531,46.70000076293945,48.619998931884766,46.48249816894531,48.474998474121094,243204000
2018-11-15,45.37613296508789,47.852500915527344,47.99250030517578,46.724998474121094,47.09749984741211,185915200
2018-11-16,45.878726959228516,48.38249969482422,48.74250030517578,47.3650016784668,47.625,147713200
2018-11-19,44.06044387817383,46.46500015258789,47.67499923706055,46.247501373291016,47.5,167701200
2018-11-20,41.95532989501953,44.244998931884766,45.36750030517578,43.877498626708984,44.592498779296875,271300800
2018-11-21,41.90791320800781,44.19499969482422,45.067501068115234,44.13750076293945,44.932498931884766,124496800
2018-11-23,40.84349822998047,43.0724983215332,44.150001525878906,43.025001525878906,43.73500061035156,94496000
2018-11-26,41.39585876464844,43.654998779296875,43.73749923706055,42.564998626708984,43.560001373291016,179994000
2018-11-27,41.3057746887207,43.560001373291016,43.692501068115234,42.720001220703125,42.877498626708984,165549600
2018-11-28,42.894107818603516,45.23500061035156,45.3224983215332,43.73249816894531,44.182498931884766,184250000
2018-11-29,42.5645866394043,44.88750076293945,45.70000076293945,44.42499923706055,45.665000915527344,167080000
2018-11-30,42.33463668823242,44.64500045776367,45.08250045776367,44.25749969482422,45.0724983215332,158126000
2018-12-03,43.81390380859375,46.20500183105469,46.23500061035156,45.3025016784668,46.1150016784668,163210000
2018-12-04,41.88658905029297,44.17250061035156,45.59749984741211,44.067501068115234,45.23749923706055,165377200
2018-12-06,41.4195671081543,43.68000030517578,43.69499969482422,42.60499954223633,42.939998626708984,172393600
2018-12-07,39.94267654418945,42.122501373291016,43.622501373291016,42.07500076293945,43.372501373291016,169126400
2018-12-10,40.20581817626953,42.400001525878906,42.522499084472656,40.83250045776367,41.25,248104000
2018-12-11,39.975860595703125,42.157501220703125,42.9474983215332,41.75,42.915000915527344,189126800
2018-12-12,40.0872802734375,42.275001525878906,42.97999954223633,42.255001068115234,42.599998474121094,142510800
2018-12-13,40.525840759277344,42.73749923706055,43.14250183105469,42.38750076293945,42.622501373291016,127594400
2018-12-14,39.22911071777344,41.369998931884766,42.27000045776367,41.31999969482422,42.25,162814800
2018-12-17,38.86403274536133,40.98500061035156,42.087501525878906,40.682498931884766,41.36249923706055,177151600
2018-12-18,39.368980407714844,41.51750183105469,41.88249969482422,41.09749984741211,41.345001220703125,135366000
2018-12-19,38.140995025634766,40.22249984741211,41.86249923706055,39.772499084472656,41.5,196189200
2018-12-20,37.17850875854492,39.20750045776367,40.52750015258789,38.82500076293945,40.099998474121094,259092000
2018-12-21,35.7324333190918,37.682498931884766,39.540000915527344,37.407501220703125,39.21500015258789,382978400
2018-12-24,34.807899475097656,36.70750045776367,37.88750076293945,36.647499084472656,37.037498474121094,148676800
2018-12-26,37.259117126464844,39.29249954223633,39.307498931884766,36.68000030517578,37.07500076293945,234330000
2018-12-27,37.01731872558594,39.037498474121094,39.192501068115234,37.51750183105469,38.959999084472656,212468400
2018-12-28,37.03628158569336,39.057498931884766,39.630001068115234,38.63750076293945,39.375,169165600
2018-12-31,37.39424133300781,39.435001373291016,39.84000015258789,39.119998931884766,39.63249969482422,140014000
2019-01-02,37.436920166015625,39.47999954223633,39.712501525878906,38.557498931884766,38.72249984741211,148158800
2019-01-03,33.707923889160156,35.54750061035156,36.43000030517578,35.5,35.994998931884766,365248800
2019-01-04,35.14689254760742,37.064998626708984,37.13750076293945,35.95000076293945,36.13249969482422,234428400
2019-01-07,35.068660736083984,36.98249816894531,37.20750045776367,36.474998474121094,37.17499923706055,219111200
2019-01-08,35.73716354370117,37.6875,37.95500183105469,37.130001068115234,37.38999938964844,164101200
2019-01-09,36.344058990478516,38.32749938964844,38.63249969482422,37.407501220703125,37.8224983215332,180396400
2019-01-10,36.46021270751953,38.45000076293945,38.49250030517578,37.71500015258789,38.125,143122800
2019-01-11,36.10226058959961,38.0724983215332,38.42499923706055,37.877498626708984,38.220001220703125,108092800
2019-01-14,35.55937576293945,37.5,37.817501068115234,37.30500030517578,37.712501525878906,129756800
2019-01-15,36.28717041015625,38.26750183105469,38.34749984741211,37.51250076293945,37.567501068115234,114843600
2019-01-16,36.730472564697266,38.73500061035156,38.970001220703125,38.25,38.27000045776367,122278800
2019-01-17,36.94856643676758,38.96500015258789,39.415000915527344,38.314998626708984,38.54999923706055,119284800
2019-01-18,37.17615509033203,39.20500183105469,39.470001220703125,38.994998931884766,39.375,135004000
2019-01-22,36.34169387817383,38.32500076293945,39.182498931884766,38.154998779296875,39.102500915527344,121576000
2019-01-23,36.48866653442383,38.47999954223633,38.78499984741211,37.92499923706055,38.537498474121094,92522400
2019-01-24,36.19944763183594,38.17499923706055,38.619998931884766,37.935001373291016,38.52750015258789,101766000
2019-01-25,37.39897918701172,39.439998626708984,39.532501220703125,38.58000183105469,38.869998931884766,134142000
2019-01-28,37.05287551879883,39.07500076293945,39.08250045776367,38.415000915527344,38.9474983215332,104768400
2019-01-29,36.6688346862793,38.66999816894531,39.532501220703125,38.52750015258789,39.0625,166348800
2019-01-30,39.174591064453125,41.3125,41.537498474121094,40.057498931884766,40.8125,244439200
2019-01-31,39.456695556640625,41.61000061035156,42.25,41.13999938964844,41.52750015258789,162958400
2019-02-01,39.47566223144531,41.630001068115234,42.244998931884766,41.48249816894531,41.7400016784668,130672400
2019-02-04,40.59695816040039,42.8125,42.915000915527344,41.81999969482422,41.852500915527344,125982000
2019-02-05,41.291561126708984,43.54499816894531,43.77000045776367,43.087501525878906,43.21500015258789,144406400
2019-02-06,41.3057746887207,43.560001373291016,43.89250183105469,43.212501525878906,43.662498474121094,112958400
2019-02-07,40.52346420288086,42.73500061035156,43.48500061035156,42.584999084472656,43.099998474121094,126966800
2019-02-08,40.57109069824219,42.602500915527344,42.665000915527344,42.10499954223633,42.247501373291016,95280000
2019-02-11,40.3377571105957,42.35749816894531,42.8025016784668,42.3125,42.76250076293945,83973600
2019-02-12,40.68535232543945,42.72249984741211,42.75,42.42499923706055,42.525001525878906,89134000
2019-02-13,40.51633071899414,42.54499816894531,43.119998931884766,42.47999954223633,42.84749984741211,89960800
2019-02-14,40.6639404296875,42.70000076293945,42.814998626708984,42.345001220703125,42.4275016784668,87342800
2019-02-15,40.57347106933594,42.60499954223633,42.92499923706055,42.4375,42.8125,98507200
2019-02-19,40.69487762451172,42.73249816894531,42.86000061035156,42.372501373291016,42.4275016784668,75891200
2019-02-20,40.95676803588867,43.00749969482422,43.33000183105469,42.747501373291016,42.79750061035156,104457600
2019-02-21,40.72583770751953,42.76499938964844,43.092498779296875,42.57500076293945,42.95000076293945,68998800
2019-02-22,41.180580139160156,43.24250030517578,43.25,42.845001220703125,42.89500045776367,75652800
2019-02-25,41.480552673339844,43.557498931884766,43.967498779296875,43.48749923706055,43.540000915527344,87493600
2019-02-26,41.504364013671875,43.58250045776367,43.82500076293945,43.29249954223633,43.4275016784668,68280800
2019-02-27,41.63291549682617,43.717498779296875,43.75,43.182498931884766,43.3025016784668,111341600
2019-02-28,41.22342300415039,43.287498474121094,43.727500915527344,43.22999954223633,43.58000183105469,112861600
2019-03-01,41.65671920776367,43.74250030517578,43.787498474121094,43.22249984741211,43.56999969482422,103544800
2019-03-04,41.866241455078125,43.962501525878906,44.4375,43.49250030517578,43.92250061035156,109744800
2019-03-05,41.79005432128906,43.88249969482422,44.0,43.6349983215332,43.98500061035156,78949600
2019-03-06,41.54959487915039,43.630001068115234,43.872501373291016,43.48500061035156,43.66749954223633,83241600
2019-03-07,41.068660736083984,43.125,43.61000061035156,43.005001068115234,43.467498779296875,99185600
2019-03-08,41.16628646850586,43.227500915527344,43.26750183105469,42.375,42.58000183105469,95997600
2019-03-11,42.59236526489258,44.724998474121094,44.779998779296875,43.837501525878906,43.872501373291016,128044000
2019-03-12,43.07091522216797,45.227500915527344,45.66749954223633,44.842498779296875,45.0,129870400
2019-03-13,43.261383056640625,45.4275016784668,45.82500076293945,45.22999954223633,45.5625,124130000
2019-03-14,43.7423095703125,45.932498931884766,46.025001525878906,45.63999938964844,45.974998474121094,94318000
2019-03-15,44.311309814453125,46.529998779296875,46.83250045776367,45.935001373291016,46.212501525878906,156171600
2019-03-18,44.76366424560547,47.005001068115234,47.09749984741211,46.4474983215332,46.45000076293945,104879200
2019-03-19,44.408931732177734,46.63249969482422,47.247501373291016,46.47999954223633,47.087501525878906,126585600
2019-03-20,44.797000885009766,47.040000915527344,47.372501373291016,46.182498931884766,46.557498931884766,124140800
2019-03-21,46.4468879699707,48.772499084472656,49.08250045776367,47.45249938964844,47.505001068115234,204136800
2019-03-22,45.485042572021484,47.76250076293945,49.42250061035156,47.69499969482422,48.834999084472656,169630800
2019-03-25,44.93507766723633,47.185001373291016,47.994998931884766,46.650001525878906,47.877498626708984,175381200
2019-03-26,44.4708251953125,46.6974983215332,48.220001220703125,46.14500045776367,47.915000915527344,199202000
2019-03-27,44.87079620361328,47.11750030517578,47.439998626708984,46.63750076293945,47.1875,119393600
2019-03-28,44.93031692504883,47.18000030517578,47.38999938964844,46.88249969482422,47.23749923706055,83121600
2019-03-29,45.2231559753418,47.48749923706055,47.52000045776367,47.1349983215332,47.45750045776367,94256000
2019-04-01,45.530269622802734,47.810001373291016,47.91999816894531,47.095001220703125,47.90999984741211,111448000
2019-04-02,46.19214630126953,48.505001068115234,48.6150016784668,47.76250076293945,47.772499084472656,91062800
2019-04-03,46.5088005065918,48.837501525878906,49.125,48.287498474121094,48.3125,93087200
2019-04-04,46.58972930908203,48.92250061035156,49.092498779296875,48.28499984741211,48.6974983215332,76457200
2019-04-05,46.9016227722168,49.25,49.275001525878906,48.98249816894531,49.11249923706055,74106400
2019-04-08,47.6396598815918,50.025001525878906,50.057498931884766,49.084999084472656,49.10499954223633,103526800
2019-04-09,47.4968147277832,49.875,50.712501525878906,49.807498931884766,50.08000183105469,143072800
2019-04-10,47.763458251953125,50.154998779296875,50.185001373291016,49.54499816894531,49.66999816894531,86781200
2019-04-11,47.36586380004883,49.73749923706055,50.25,49.61000061035156,50.212501525878906,83603200
2019-04-12,47.34682083129883,49.717498779296875,50.03499984741211,49.0525016784668,49.79999923706055,111042800
2019-04-15,47.432525634765625,49.807498931884766,49.962501525878906,49.502498626708984,49.64500045776367,70146400
2019-04-16,47.43729019165039,49.8125,50.342498779296875,49.63999938964844,49.8650016784668,102785600
2019-04-17,48.36103439331055,50.782501220703125,50.845001220703125,49.65250015258789,49.8849983215332,115627200
2019-04-18,48.53483963012695,50.96500015258789,51.037498474121094,50.630001068115234,50.779998779296875,96783200
2019-04-22,48.69434356689453,51.13249969482422,51.23500061035156,50.584999084472656,50.70750045776367,77758000
2019-04-23,49.396671295166016,51.869998931884766,51.9375,50.974998474121094,51.10749816894531,93292000
2019-04-24,49.32049560546875,51.790000915527344,52.119998931884766,51.76250076293945,51.84000015258789,70162400
2019-04-25,48.8729133605957,51.31999969482422,51.939998626708984,51.279998779296875,51.70750045776367,74172800
2019-04-26,48.639583587646484,51.07500076293945,51.25,50.529998779296875,51.224998474121094,74596400
2019-04-29,48.713401794433594,51.15250015258789,51.49250030517578,50.96500015258789,51.099998474121094,88818800
2019-04-30,47.77536392211914,50.16749954223633,50.849998474121094,49.77750015258789,50.76499938964844,186139600
2019-05-01,50.12045669555664,52.630001068115234,53.82749938964844,52.307498931884766,52.470001220703125,259309200
2019-05-02,49.79427719116211,52.287498474121094,53.162498474121094,52.032501220703125,52.459999084472656,127985200
2019-05-03,50.41328048706055,52.9375,52.959999084472656,52.557498931884766,52.72249984741211,83569600
2019-05-06,49.634769439697266,52.119998931884766,52.209999084472656,50.875,51.0724983215332,129772400
2019-05-07,48.2967643737793,50.71500015258789,51.85499954223633,50.20750045776367,51.470001220703125,155054800
2019-05-08,48.3062858581543,50.724998474121094,51.334999084472656,50.4375,50.474998474121094,105358000
2019-05-09,47.787269592285156,50.18000030517578,50.41999816894531,49.165000915527344,50.099998474121094,139634400
2019-05-10,47.12525939941406,49.29499816894531,49.712501525878906,48.192501068115234,49.35499954223633,164834800
2019-05-13,44.38636016845703,46.43000030517578,47.369998931884766,45.712501525878906,46.9275016784668,229722400
2019-05-14,45.089012145996094,47.165000915527344,47.42499923706055,46.352500915527344,46.602500915527344,146118800
2019-05-15,45.6291389465332,47.72999954223633,47.9375,46.505001068115234,46.567501068115234,106178800
2019-05-16,45.428382873535156,47.52000045776367,48.11750030517578,47.209999084472656,47.477500915527344,132125600
2019-05-17,45.170265197753906,47.25,47.724998474121094,46.689998626708984,46.73249816894531,131516400
2019-05-20,43.75779724121094,45.772499084472656,46.087501525878906,45.06999969482422,45.880001068115234,154449200
2019-05-21,44.59667205810547,46.650001525878906,47.0,46.17499923706055,46.30500030517578,113459200
2019-05-22,43.68370819091797,45.69499969482422,46.4275016784668,45.63750076293945,46.165000915527344,118994400
2019-05-23,42.93804168701172,44.915000915527344,45.1349983215332,44.45249938964844,44.95000076293945,146118800
2019-05-24,42.773136138916016,44.74250030517578,45.53499984741211,44.654998779296875,45.04999923706055,94858800
2019-05-28,42.59627151489258,44.557498931884766,45.147499084472656,44.477500915527344,44.72999954223633,111792800
2019-05-29,42.39313507080078,44.345001220703125,44.837501525878906,44.0,44.10499954223633,113924800
2019-05-30,42.613006591796875,44.57500076293945,44.807498931884766,44.16749954223633,44.48749923706055,84873600
2019-05-31,41.8410530090332,43.76750183105469,44.497501373291016,43.747501373291016,44.057498931884766,108174400
2019-06-03,41.41802215576172,43.32500076293945,44.47999954223633,42.567501068115234,43.900001525878906,161584400
2019-06-04,42.93325424194336,44.90999984741211,44.95750045776367,43.630001068115234,43.86000061035156,123872000
2019-06-05,43.6263542175293,45.6349983215332,46.247501373291016,45.28499984741211,46.06999969482422,119093600
2019-06-06,44.266845703125,46.30500030517578,46.36750030517578,45.537498474121094,45.77000045776367,90105200
2019-06-07,45.445098876953125,47.537498474121094,47.97999954223633,46.442501068115234,46.627498626708984,122737600
2019-06-10,46.02587127685547,48.14500045776367,48.842498779296875,47.904998779296875,47.95249938964844,104883600
2019-06-11,46.55883026123047,48.70249938964844,49.0,48.400001525878906,48.71500015258789,107731600
2019-06-12,46.4106559753418,48.54750061035156,48.99250030517578,48.34749984741211,48.48749923706055,73012800
2019-06-13,46.40108871459961,48.537498474121094,49.1974983215332,48.400001525878906,48.67499923706055,86698400
2019-06-14,46.06411361694336,48.185001373291016,48.397499084472656,47.57500076293945,47.88750076293945,75046000
2019-06-17,46.338958740234375,48.47249984741211,48.7400016784668,48.04249954223633,48.224998474121094,58676400
2019-06-18,47.428775787353516,49.61249923706055,50.0724983215332,48.8025016784668,49.01250076293945,106204000
2019-06-19,47.290164947509766,49.467498779296875,49.970001220703125,49.32749938964844,49.91999816894531,84496800
2019-06-20,47.670162200927734,49.8650016784668,50.15250015258789,49.50749969482422,50.092498779296875,86056000
2019-06-21,47.50764465332031,49.69499969482422,50.212501525878906,49.537498474121094,49.70000076293945,191202400
2019-06-24,47.4598388671875,49.64500045776367,50.040000915527344,49.54249954223633,49.6349983215332,72881600
2019-06-25,46.7404670715332,48.89250183105469,49.814998626708984,48.8224983215332,49.60749816894531,84281200
2019-06-26,47.75141906738281,49.95000076293945,50.247501373291016,49.337501525878906,49.442501068115234,104270000
2019-06-27,47.737083435058594,49.935001373291016,50.39250183105469,49.89250183105469,50.0724983215332,83598800
2019-06-28,47.30209732055664,49.47999954223633,49.875,49.26250076293945,49.66999816894531,124442400
2019-07-01,48.1696662902832,50.38750076293945,51.122501373291016,50.162498474121094,50.79249954223633,109012000
2019-07-02,48.45167541503906,50.682498931884766,50.782501220703125,50.34000015258789,50.352500915527344,67740800
2019-07-03,48.85319519042969,51.102500915527344,51.11000061035156,50.67250061035156,50.81999969482422,45448000
2019-07-05,48.81016540527344,51.057498931884766,51.27000045776367,50.724998474121094,50.837501525878906,69062000
2019-07-08,47.804012298583984,50.005001068115234,50.349998474121094,49.602500915527344,50.20249938964844,101354400
2019-07-09,48.0955810546875,50.310001373291016,50.377498626708984,49.70249938964844,49.79999923706055,82312000
2019-07-10,48.57118606567383,50.807498931884766,50.932498931884766,50.38999938964844,50.462501525878906,71588400
2019-07-11,48.21746063232422,50.4375,51.09749984741211,50.4275016784668,50.82749938964844,80767200
2019-07-12,48.5879020690918,50.82500076293945,51.0,50.54999923706055,50.61249923706055,70380800
2019-07-15,49.04439163208008,51.3025016784668,51.467498779296875,51.0,51.022499084472656,67789600
2019-07-16,48.87471008300781,51.125,51.52750015258789,50.875,51.147499084472656,67467200
2019-07-17,48.599853515625,50.837501525878906,51.272499084472656,50.817501068115234,51.01250076293945,56430000
2019-07-18,49.15193176269531,51.415000915527344,51.470001220703125,50.92499923706055,51.0,74162400
2019-07-19,48.4182243347168,50.647499084472656,51.625,50.59000015258789,51.4474983215332,83717200
2019-07-22,49.524776458740234,51.80500030517578,51.807498931884766,50.90250015258789,50.912498474121094,89111600
2019-07-23,49.911949157714844,52.209999084472656,52.227500915527344,51.8224983215332,52.1150016784668,73420800
2019-07-24,49.87131881713867,52.16749954223633,52.287498474121094,51.79249954223633,51.91749954223633,59966400
2019-07-25,49.47697067260742,51.755001068115234,52.310001373291016,51.682498931884766,52.22249984741211,55638400
2019-07-26,49.649044036865234,51.935001373291016,52.432498931884766,51.78499984741211,51.869998931884766,70475600
2019-07-29,50.112693786621094,52.41999816894531,52.65999984741211,52.11000061035156,52.1150016784668,86693600
2019-07-30,49.89761734008789,52.19499969482422,52.540000915527344,51.82749938964844,52.189998626708984,135742800
2019-07-31,50.915733337402344,53.2599983215332,55.342498779296875,52.82500076293945,54.10499954223633,277125600
2019-08-01,49.81395721435547,52.10749816894531,54.50749969482422,51.685001373291016,53.474998474121094,216071600
2019-08-02,48.759979248046875,51.005001068115234,51.60749816894531,50.407501220703125,51.38249969482422,163448400
2019-08-05,46.2075080871582,48.334999084472656,49.662498474121094,48.14500045776367,49.497501373291016,209572000
2019-08-06,47.08224105834961,49.25,49.51750183105469,48.5099983215332,49.07749938964844,143299200
2019-08-07,47.569786071777344,49.7599983215332,49.88999938964844,48.45500183105469,48.852500915527344,133457600
2019-08-08,48.61897277832031,50.85749816894531,50.88249969482422,49.84749984741211,50.04999923706055,108038000
2019-08-09,48.21833419799805,50.247501373291016,50.689998626708984,49.8224983215332,50.32500076293945,98478800
2019-08-12,48.095985412597656,50.119998931884766,50.51250076293945,49.787498474121094,49.904998779296875,89927600
2019-08-13,50.13277816772461,52.24250030517578,53.03499984741211,50.119998931884766,50.255001068115234,188874000
2019-08-14,48.640586853027344,50.6875,51.61000061035156,50.647499084472656,50.790000915527344,146189600
2019-08-15,48.398258209228516,50.435001373291016,51.28499984741211,49.91749954223633,50.8650016784668,108909600
2019-08-16,49.54021453857422,51.625,51.790000915527344,50.959999084472656,51.06999969482422,110481600
2019-08-19,50.463836669921875,52.587501525878906,53.182498931884766,52.50749969482422,52.654998779296875,97654400
2019-08-20,50.46623611450195,52.59000015258789,53.337501525878906,52.58000183105469,52.720001220703125,107537200
2019-08-21,51.013214111328125,53.15999984741211,53.412498474121094,52.900001525878906,53.247501373291016,86141600
2019-08-22,50.970035552978516,53.1150016784668,53.61000061035156,52.6875,53.29750061035156,89014800
2019-08-23,48.61417770385742,50.65999984741211,53.01250076293945,50.25,52.35749816894531,187272000
2019-08-26,49.53780746459961,51.622501373291016,51.79750061035156,51.26499938964844,51.46500015258789,104174400
2019-08-27,48.97883224487305,51.040000915527344,52.13750076293945,50.88249969482422,51.96500015258789,103493200
2019-08-28,49.307498931884766,51.38249969482422,51.43000030517578,50.83000183105469,51.025001525878906,63755200
2019-08-29,50.14237594604492,52.252498626708984,52.33000183105469,51.665000915527344,52.125,83962000
2019-08-30,50.07758712768555,52.185001373291016,52.61249923706055,51.79999923706055,52.540000915527344,84573600
2019-09-03,49.34828567504883,51.42499923706055,51.744998931884766,51.05500030517578,51.60749816894531,80092000
2019-09-04,50.1855583190918,52.29750061035156,52.369998931884766,51.83000183105469,52.09749984741211,76752400
2019-09-05,51.1667594909668,53.31999969482422,53.49250030517578,52.877498626708984,53.0,95654800
2019-09-06,51.161956787109375,53.314998626708984,53.60499954223633,53.127498626708984,53.51250076293945,77449200
2019-09-09,51.380279541015625,53.54249954223633,54.11000061035156,52.76750183105469,53.709999084472656,109237600
2019-09-10,51.987220764160156,54.17499923706055,54.19499969482422,52.9275016784668,53.46500015258789,127111600
2019-09-11,53.64017868041992,55.897499084472656,55.9275016784668,54.432498931884766,54.51750183105469,177158400
2019-09-12,53.52021789550781,55.772499084472656,56.60499954223633,55.71500015258789,56.20000076293945,128906800
2019-09-13,52.479026794433594,54.6875,55.1974983215332,54.255001068115234,55.0,159053200
2019-09-16,52.754920959472656,54.974998474121094,55.032501220703125,54.38999938964844,54.432498931884766,84632400
2019-09-17,52.94684982299805,55.17499923706055,55.20500183105469,54.779998779296875,54.9900016784668,73274800
2019-09-18,53.44345474243164,55.692501068115234,55.712501525878906,54.86000061035156,55.26499938964844,101360000
2019-09-19,53.009220123291016,55.2400016784668,55.939998626708984,55.092498779296875,55.502498626708984,88242400
2019-09-20,52.23432159423828,54.432498931884766,55.63999938964844,54.36750030517578,55.345001220703125,221652400
2019-09-23,52.47183609008789,54.68000030517578,54.959999084472656,54.412498474121094,54.73749923706055,76662000
2019-09-24,52.22233200073242,54.41999816894531,55.622501373291016,54.29750061035156,55.25749969482422,124763200
2019-09-25,53.02600860595703,55.25749969482422,55.375,54.28499984741211,54.63750076293945,87613600
2019-09-26,52.75252151489258,54.97249984741211,55.23500061035156,54.70750045776367,55.0,75334000
2019-09-27,52.49583053588867,54.70500183105469,55.2400016784668,54.31999969482422,55.1349983215332,101408000
2019-09-30,53.731319427490234,55.99250030517578,56.14500045776367,55.1974983215332,55.224998474121094,103909600
2019-10-01,53.88007354736328,56.147499084472656,57.05500030517578,56.04999923706055,56.26750183105469,139223200
2019-10-02,52.52941131591797,54.7400016784668,55.89500045776367,54.48249816894531,55.76499938964844,138449200
2019-10-03,52.97563552856445,55.20500183105469,55.2400016784668,53.782501220703125,54.60749816894531,114426000
2019-10-04,54.46063232421875,56.752498626708984,56.872501373291016,55.97249984741211,56.40999984741211,138478800
2019-10-07,54.47264099121094,56.76499938964844,57.48249816894531,56.459999084472656,56.567501068115234,122306000
2019-10-08,53.83448791503906,56.099998474121094,57.01499938964844,56.08250045776367,56.45500183105469,111820000
2019-10-09,54.46543884277344,56.75749969482422,56.9474983215332,56.40999984741211,56.75749969482422,74770400
2019-10-10,55.199546813964844,57.522499084472656,57.61000061035156,56.82500076293945,56.98249816894531,113013600
2019-10-11,56.66775894165039,59.0525016784668,59.40999984741211,58.07749938964844,58.23749923706055,166795600
2019-10-14,56.58620834350586,58.967498779296875,59.532501220703125,58.66749954223633,58.724998474121094,96427600
2019-10-15,56.45425033569336,58.83000183105469,59.412498474121094,58.720001220703125,59.09749984741211,87360000
2019-10-16,56.22633743286133,58.592498779296875,58.810001373291016,58.29999923706055,58.342498779296875,73903200
2019-10-17,56.44466018676758,58.81999969482422,59.037498474121094,58.380001068115234,58.772499084472656,67585200
2019-10-18,56.71574020385742,59.102500915527344,59.39500045776367,58.5724983215332,58.647499084472656,97433600
2019-10-21,57.699337005615234,60.127498626708984,60.247501373291016,59.33000183105469,59.380001068115234,87247200
2019-10-22,57.56740951538086,59.9900016784668,60.54999923706055,59.904998779296875,60.290000915527344,82293600
2019-10-23,58.33989334106445,60.79499816894531,60.810001373291016,60.30500030517578,60.525001525878906,75828800
2019-10-24,58.435855865478516,60.89500045776367,61.20000076293945,60.45249938964844,61.127498626708984,69275200
2019-10-25,59.15556716918945,61.64500045776367,61.682498931884766,60.720001220703125,60.790000915527344,73477200
2019-10-28,59.748138427734375,62.26250076293945,62.3125,61.68000030517578,61.85499954223633,96572800
2019-10-29,58.36627960205078,60.8224983215332,62.4375,60.64250183105469,62.24250030517578,142839600
2019-10-30,58.35908889770508,60.814998626708984,61.32500076293945,60.3025016784668,61.189998626708984,124522000
2019-10-31,59.67855453491211,62.189998626708984,62.29249954223633,59.314998626708984,61.810001373291016,139162000
2019-11-01,61.37228775024414,63.95500183105469,63.98249816894531,62.290000915527344,62.3849983215332,151125200
2019-11-04,61.77531051635742,64.375,64.4625015258789,63.845001220703125,64.3324966430664,103272000
2019-11-05,61.68656921386719,64.28250122070312,64.54750061035156,64.08000183105469,64.26249694824219,79897600
2019-11-06,61.71294021606445,64.30999755859375,64.37249755859375,63.842498779296875,64.19249725341797,75864400
2019-11-07,62.425193786621094,64.85749816894531,65.0875015258789,64.52749633789062,64.68499755859375,94940400
2019-11-08,62.596031188964844,65.03500366210938,65.11000061035156,64.2125015258789,64.67250061035156,69986400
2019-11-11,63.09172058105469,65.55000305175781,65.61750030517578,64.56999969482422,64.57499694824219,81821200
2019-11-12,63.03395080566406,65.48999786376953,65.69750213623047,65.2300033569336,65.38749694824219,87388800
2019-11-13,63.637939453125,66.11750030517578,66.19499969482422,65.26750183105469,65.28250122070312,102734400
2019-11-14,63.19759750366211,65.66000366210938,66.22000122070312,65.5250015258789,65.9375,89182800
2019-11-15,63.94834899902344,66.44000244140625,66.44499969482422,65.75250244140625,65.91999816894531,100206400
2019-11-18,64.27079772949219,66.7750015258789,66.85749816894531,66.05750274658203,66.44999694824219,86703200
2019-11-19,64.07588958740234,66.57250213623047,67.0,66.34750366210938,66.9749984741211,76167200
2019-11-20,63.32994842529297,65.79750061035156,66.5199966430664,65.0999984741211,66.38500213623047,106234400
2019-11-21,63.04600143432617,65.50250244140625,66.00250244140625,65.29499816894531,65.92250061035156,121395200
2019-11-22,62.99067687988281,65.44499969482422,65.79499816894531,65.20999908447266,65.64749908447266,65325200
2019-11-25,64.09513092041016,66.59249877929688,66.61000061035156,65.62999725341797,65.67749786376953,84020400
2019-11-26,63.59461212158203,66.07250213623047,66.79000091552734,65.625,66.73500061035156,105207600
2019-11-27,64.44884490966797,66.95999908447266,66.99500274658203,66.32749938964844,66.3949966430664,65235600
2019-11-29,64.30687713623047,66.8125,67.0,66.4749984741211,66.6500015258789,46617600
2019-12-02,63.56334686279297,66.04000091552734,67.0625,65.86250305175781,66.81749725341797,94487200
2019-12-03,62.429996490478516,64.86250305175781,64.88249969482422,64.07250213623047,64.57749938964844,114430400
2019-12-04,62.98105239868164,65.43499755859375,65.82749938964844,65.16999816894531,65.26750183105469,67181600
2019-12-05,63.905033111572266,66.3949966430664,66.47250366210938,65.68250274658203,65.94750213623047,74424400
2019-12-06,65.13945007324219,67.67749786376953,67.75,66.82499694824219,66.87000274658203,106075600
2019-12-09,64.22747802734375,66.7300033569336,67.69999694824219,66.22750091552734,67.5,128042400
2019-12-10,64.60285186767578,67.12000274658203,67.51750183105469,66.46499633789062,67.1500015258789,90420400
2019-12-11,65.15387725830078,67.69249725341797,67.7750015258789,67.125,67.20249938964844,78756800
2019-12-12,65.31989288330078,67.86499786376953,68.13999938964844,66.83000183105469,66.94499969482422,137310400
2019-12-13,66.20780181884766,68.7874984741211,68.82499694824219,67.73249816894531,67.86499786376953,133587600
2019-12-16,67.34114837646484,69.96499633789062,70.19750213623047,69.24500274658203,69.25,128186000
2019-12-17,67.4734878540039,70.10250091552734,70.44249725341797,69.69999694824219,69.89250183105469,114158400
2019-12-18,67.31227111816406,69.93499755859375,70.4749984741211,69.77999877929688,69.94999694824219,116028400
2019-12-19,67.379638671875,70.00499725341797,70.29499816894531,69.73750305175781,69.875,98369200
2019-12-20,67.24009704589844,69.86000061035156,70.6624984741211,69.63999938964844,70.55750274658203,275978000
2019-12-23,68.33732604980469,71.0,71.0625,70.09249877929688,70.13249969482422,98572000
2019-12-24,68.40229797363281,71.06749725341797,71.22250366210938,70.7300033569336,71.17250061035156,48478800
2019-12-26,69.75940704345703,72.47750091552734,72.49500274658203,71.17500305175781,71.20500183105469,93121200
2019-12-27,69.73294067382812,72.44999694824219,73.49250030517578,72.02999877929688,72.77999877929688,146266000
2019-12-30,70.14681243896484,72.87999725341797,73.17250061035156,71.30500030517578,72.36499786376953,144114400
2019-12-31,70.65934753417969,73.4124984741211,73.41999816894531,72.37999725341797,72.48249816894531,100805600
2020-01-02,72.27153015136719,75.0875015258789,75.1500015258789,73.79750061035156,74.05999755859375,135480400
2020-01-03,71.56891632080078,74.35749816894531,75.1449966430664,74.125,74.2874984741211,146322800
2020-01-06,72.13919067382812,74.94999694824219,74.98999786376953,73.1875,73.44750213623047,118387200
2020-01-07,71.79994201660156,74.59750366210938,75.2249984741211,74.37000274658203,74.95999908447266,108872000
2020-01-08,72.95491790771484,75.79750061035156,76.11000061035156,74.29000091552734,74.29000091552734,132079200
2020-01-09,74.5045394897461,77.40750122070312,77.60749816894531,76.55000305175781,76.80999755859375,170108400
2020-01-10,74.6729736328125,77.5824966430664,78.1675033569336,77.0625,77.6500015258789,140644800
2020-01-13,76.268310546875,79.23999786376953,79.26750183105469,77.7874984741211,77.91000366210938,121532000
2020-01-14,75.23844146728516,78.16999816894531,79.39250183105469,78.0425033569336,79.17500305175781,161954400
2020-01-15,74.916015625,77.83499908447266,78.875,77.38749694824219,77.9625015258789,121923600
2020-01-16,75.85443878173828,78.80999755859375,78.92500305175781,78.02249908447266,78.39749908447266,108829200
2020-01-17,76.69422149658203,79.68250274658203,79.68499755859375,78.75,79.06749725341797,137816400
2020-01-21,76.1744613647461,79.14250183105469,79.75499725341797,79.0,79.29750061035156,110843200
2020-01-22,76.44638061523438,79.42500305175781,79.99749755859375,79.32749938964844,79.6449966430664,101832400
2020-01-23,76.81452941894531,79.80750274658203,79.88999938964844,78.9124984741211,79.4800033569336,104472000
2020-01-24,76.59315490722656,79.57749938964844,80.8324966430664,79.37999725341797,80.0625,146537600
2020-01-27,74.34091186523438,77.23750305175781,77.94249725341797,76.22000122070312,77.51499938964844,161940000
2020-01-28,76.44398498535156,79.42250061035156,79.5999984741211,78.04750061035156,78.1500015258789,162234000
2020-01-29,78.04412841796875,81.08499908447266,81.9625015258789,80.34500122070312,81.11250305175781,216229200
2020-01-30,77.9310302734375,80.96749877929688,81.02249908447266,79.6875,80.13500213623047,126743200
2020-01-31,74.47564697265625,77.37750244140625,80.66999816894531,77.07250213623047,80.23249816894531,199588400
2020-02-03,74.27111053466797,77.16500091552734,78.37249755859375,75.55500030517578,76.07499694824219,173788400
2020-02-04,76.72309875488281,79.7125015258789,79.91000366210938,78.40750122070312,78.82749938964844,136616400
2020-02-05,77.34872436523438,80.36250305175781,81.19000244140625,79.73750305175781,80.87999725341797,118826800
2020-02-06,78.25347900390625,81.30249786376953,81.30500030517578,80.06500244140625,80.64250183105469,105425600
2020-02-07,77.18977355957031,80.00749969482422,80.8499984741211,79.5,80.59249877929688,117684000
2020-02-10,77.556396484375,80.38749694824219,80.38749694824219,78.4625015258789,78.54499816894531,109348800
2020-02-11,77.08848571777344,79.90249633789062,80.9749984741211,79.67749786376953,80.9000015258789,94323200
2020-02-12,78.91918182373047,81.80000305175781,81.80500030517578,80.36750030517578,80.36750030517578,113730400
2020-02-13,78.357177734375,81.21749877929688,81.55500030517578,80.8375015258789,81.04750061035156,94747600
2020-02-14,78.37646484375,81.23750305175781,81.49500274658203,80.7125015258789,81.18499755859375,80113600
2020-02-18,76.94135284423828,79.75,79.9375,78.65249633789062,78.83999633789062,152531200
2020-02-19,78.05570983886719,80.90499877929688,81.14250183105469,80.0,80.0,93984000
2020-02-20,77.2549057006836,80.07499694824219,81.1624984741211,79.55249786376953,80.65750122070312,100566000
2020-02-21,75.50625610351562,78.26249694824219,80.11250305175781,77.625,79.65499877929688,129554000
2020-02-24,71.919677734375,74.54499816894531,76.04499816894531,72.30750274658203,74.31500244140625,222195200
2020-02-25,69.48359680175781,72.0199966430664,75.63249969482422,71.53250122070312,75.23750305175781,230673600
2020-02-26,70.58586120605469,73.1624984741211,74.47000122070312,71.625,71.63249969482422,198054800
2020-02-27,65.9717788696289,68.37999725341797,71.5,68.23999786376953,70.2750015258789,320605600
2020-02-28,65.93319702148438,68.33999633789062,69.60250091552734,64.09249877929688,64.31500244140625,426510000
2020-03-02,72.0716323852539,74.70249938964844,75.36000061035156,69.43000030517578,70.56999969482422,341397200
2020-03-03,69.78267669677734,72.33000183105469,76.0,71.44999694824219,75.9175033569336,319475600
2020-03-04,73.0195083618164,75.68499755859375,75.8499984741211,73.28250122070312,74.11000061035156,219178400
2020-03-05,70.6509780883789,73.2300033569336,74.88749694824219,72.85250091552734,73.87999725341797,187572800
2020-03-06,69.71273803710938,72.25749969482422,72.70500183105469,70.30750274658203,70.5,226176800
2020-03-09,64.19901275634766,66.5425033569336,69.52249908447266,65.75,65.9375,286744800
2020-03-10,68.82272338867188,71.33499908447266,71.61000061035156,67.34249877929688,69.28500366210938,285290000
2020-03-11,66.43247985839844,68.85749816894531,70.30500030517578,67.96499633789062,69.34750366210938,255598800
2020-03-12,59.87195587158203,62.057498931884766,67.5,62.0,63.98500061035156,418474000
2020-03-13,67.04510498046875,69.49250030517578,69.9800033569336,63.23749923706055,66.22250366210938,370732000
2020-03-16,58.41994857788086,60.5525016784668,64.7699966430664,60.0,60.48749923706055,322423600
2020-03-17,60.98869323730469,63.21500015258789,64.40249633789062,59.599998474121094,61.877498626708984,324056000
2020-03-18,59.49569320678711,61.66749954223633,62.5,59.279998779296875,59.942501068115234,300233600
2020-03-19,59.03982925415039,61.19499969482422,63.209999084472656,60.65250015258789,61.84749984741211,271857200
2020-03-20,55.291656494140625,57.310001373291016,62.95750045776367,57.0,61.79499816894531,401693200
2020-03-23,54.117034912109375,56.092498779296875,57.125,53.15250015258789,57.02000045776367,336752800
2020-03-24,59.54634475708008,61.720001220703125,61.92250061035156,58.57500076293945,59.09000015258789,287531200
2020-03-25,59.21832275390625,61.380001068115234,64.5625,61.07500076293945,62.6875,303602000
2020-03-26,62.33456802368164,64.61000061035156,64.66999816894531,61.59000015258789,61.630001068115234,252087200
2020-03-27,59.7537727355957,61.935001373291016,63.967498779296875,61.76250076293945,63.1875,204216800
2020-03-30,61.45902633666992,63.70249938964844,63.880001068115234,62.349998474121094,62.685001373291016,167976400
2020-03-31,61.333595275878906,63.5724983215332,65.62249755859375,63.0,63.900001525878906,197002000
2020-04-01,58.10640335083008,60.227500915527344,62.18000030517578,59.782501220703125,61.625,176218400
2020-04-02,59.07600402832031,61.23249816894531,61.287498474121094,59.224998474121094,60.084999084472656,165934000
2020-04-03,58.22700500488281,60.352500915527344,61.42499923706055,59.74250030517578,60.70000076293945,129880000
2020-04-06,63.306583404541016,65.61750030517578,65.77749633789062,62.345001220703125,62.724998474121094,201820400
2020-04-07,62.573341369628906,64.85749816894531,67.92500305175781,64.75,67.69999694824219,202887200
2020-04-08,64.17488861083984,66.51750183105469,66.84249877929688,65.30750274658203,65.68499755859375,168895200
2020-04-09,64.63797760009766,66.99749755859375,67.51750183105469,66.17500305175781,67.17500305175781,161834800
2020-04-13,65.90666961669922,68.3125,68.42500305175781,66.4574966430664,67.07749938964844,131022800
2020-04-14,69.23516082763672,71.76249694824219,72.0625,69.51249694824219,70.0,194994800
2020-04-15,68.60321807861328,71.10749816894531,71.5824966430664,70.15750122070312,70.5999984741211,131154400
2020-04-16,69.14833068847656,71.67250061035156,72.05000305175781,70.5875015258789,71.84500122070312,157125200
2020-04-17,68.21009063720703,70.69999694824219,71.73750305175781,69.21499633789062,71.17250061035156,215250000
2020-04-20,66.79427337646484,69.23249816894531,70.41999816894531,69.2125015258789,69.48750305175781,130015200
2020-04-21,64.72964477539062,67.09249877929688,69.3125,66.35749816894531,69.06999969482422,180991600
2020-04-22,66.59406280517578,69.0250015258789,69.4749984741211,68.05000305175781,68.40249633789062,116862400
2020-04-23,66.33600616455078,68.75749969482422,70.4375,68.71749877929688,68.96749877929688,124814400
2020-04-24,68.25109100341797,70.74250030517578,70.75250244140625,69.25,69.30000305175781,126161200
2020-04-27,68.29932403564453,70.7925033569336,71.13500213623047,69.98750305175781,70.44999694824219,117087600
2020-04-28,67.1922378540039,69.6449966430664,71.4574966430664,69.55000305175781,71.2699966430664,112004800
2020-04-29,69.399169921875,71.93250274658203,72.4175033569336,70.97250366210938,71.18250274658203,137280800
2020-04-30,70.86322784423828,73.44999694824219,73.63249969482422,72.0875015258789,72.48999786376953,183064000
2020-05-01,69.72237396240234,72.26750183105469,74.75,71.4625015258789,71.5625,240616800
2020-05-04,70.70887756347656,73.29000091552734,73.42250061035156,71.58000183105469,72.2925033569336,133568000
2020-05-05,71.77011108398438,74.38999938964844,75.25,73.61499786376953,73.76499938964844,147751200
2020-05-06,72.5105972290039,75.15750122070312,75.80999755859375,74.71749877929688,75.11499786376953,142333600
2020-05-07,73.26071166992188,75.93499755859375,76.2925033569336,75.49250030517578,75.80500030517578,115215200
2020-05-08,75.0044174194336,77.53250122070312,77.5875015258789,76.07250213623047,76.41000366210938,133838400
2020-05-11,76.18467712402344,78.75250244140625,79.26249694824219,76.80999755859375,77.0250015258789,145946400
2020-05-12,75.31401824951172,77.85250091552734,79.92250061035156,77.72750091552734,79.4574966430664,162301200
2020-05-13,74.40462493896484,76.9124984741211,78.98750305175781,75.80249786376953,78.0374984741211,200622400
2020-05-14,74.86178588867188,77.38500213623047,77.44750213623047,75.38249969482422,76.12750244140625,158929200
2020-05-15,74.41915130615234,76.92749786376953,76.9749984741211,75.05249786376953,75.0875015258789,166348400
2020-05-18,76.1725845336914,78.73999786376953,79.125,77.58000183105469,78.2925033569336,135178400
2020-05-19,75.732421875,78.28500366210938,79.62999725341797,78.25250244140625,78.75749969482422,101729600
2020-05-20,77.20526123046875,79.80750274658203,79.87999725341797,79.12999725341797,79.16999816894531,111504800
2020-05-21,76.62965393066406,79.2125015258789,80.22250366210938,78.96749877929688,79.66500091552734,102688800
2020-05-22,77.12305450439453,79.72250366210938,79.80750274658203,78.8375015258789,78.94249725341797,81803200
2020-05-26,76.60062408447266,79.18250274658203,81.05999755859375,79.125,80.875,125522000
2020-05-27,76.93438720703125,79.52749633789062,79.67749786376953,78.27249908447266,79.03500366210938,112945200
2020-05-28,76.96823120117188,79.5625,80.86000061035156,78.90750122070312,79.19249725341797,133560800
2020-05-29,76.89327239990234,79.48500061035156,80.2874984741211,79.11750030517578,79.8125,153532400
2020-06-01,77.83891296386719,80.4625015258789,80.5875015258789,79.30249786376953,79.4375,80791200
2020-06-02,78.19924926757812,80.83499908447266,80.86000061035156,79.73249816894531,80.1875,87642800
2020-06-03,78.62974548339844,81.27999877929688,81.55000305175781,80.57499694824219,81.16500091552734,104491200
2020-06-04,77.95258331298828,80.58000183105469,81.40499877929688,80.19499969482422,81.09750366210938,87560400
2020-06-05,80.1727523803711,82.875,82.9375,80.80750274658203,80.8375015258789,137250400
2020-06-08,80.64675903320312,83.36499786376953,83.4000015258789,81.83000183105469,82.5625,95654400
2020-06-09,83.19342803955078,85.99749755859375,86.40249633789062,83.00250244140625,83.03500366210938,147712400
2020-06-10,85.33377075195312,88.20999908447266,88.69249725341797,86.52249908447266,86.9749984741211,166651600
2020-06-11,81.23688507080078,83.9749984741211,87.76499938964844,83.87000274658203,87.32749938964844,201662400
2020-06-12,81.938232421875,84.69999694824219,86.94999694824219,83.55500030517578,86.18000030517578,200146000
2020-06-15,82.95159912109375,85.74749755859375,86.41999816894531,83.1449966430664,83.3125,138808800
2020-06-16,85.14997100830078,88.0199966430664,88.30000305175781,86.18000030517578,87.86499786376953,165428800
2020-06-17,85.0314712524414,87.89749908447266,88.8499984741211,87.77249908447266,88.7874984741211,114406400
2020-06-18,85.06534576416016,87.93250274658203,88.36250305175781,87.30500030517578,87.85250091552734,96820400
2020-06-19,84.57921600341797,87.43000030517578,89.13999938964844,86.2874984741211,88.66000366210938,264476000
2020-06-22,86.79215240478516,89.71749877929688,89.86499786376953,87.7874984741211,87.83499908447266,135445200
2020-06-23,88.64469909667969,91.63249969482422,93.09500122070312,90.56749725341797,91.0,212155600
2020-06-24,87.0799331665039,90.01499938964844,92.19750213623047,89.62999725341797,91.25,192623200
2020-06-25,88.23597717285156,91.20999908447266,91.25,89.39250183105469,90.17500305175781,137522400
2020-06-26,85.52484893798828,88.40750122070312,91.33000183105469,88.25499725341797,91.10250091552734,205256800
2020-06-29,87.49591827392578,90.44499969482422,90.5425033569336,87.81999969482422,88.3125,130646000
2020-06-30,88.22630310058594,91.19999694824219,91.49500274658203,90.0,90.0199966430664,140223200
2020-07-01,88.05941009521484,91.02749633789062,91.83999633789062,90.97750091552734,91.27999877929688,110737200
2020-07-02,88.05941009521484,91.02749633789062,92.61750030517578,90.91000366210938,91.9625015258789,114041600
2020-07-06,90.41502380371094,93.4625015258789,93.94499969482422,92.46749877929688,92.5,118655600
2020-07-07,90.13446807861328,93.17250061035156,94.65499877929688,93.05750274658203,93.85250091552734,112424400
2020-07-08,92.2337417602539,95.34249877929688,95.375,94.08999633789062,94.18000030517578,117092000
2020-07-09,92.63037109375,95.75250244140625,96.31749725341797,94.67250061035156,96.26249694824219,125642800
2020-07-10,92.79241180419922,95.91999816894531,95.9800033569336,94.70500183105469,95.33499908447266,90257200
2020-07-13,92.36431121826172,95.47750091552734,99.95500183105469,95.25749969482422,97.26499938964844,191649200
2020-07-14,93.89281463623047,97.05750274658203,97.25499725341797,93.87750244140625,94.83999633789062,170989200
2020-07-15,94.53854370117188,97.7249984741211,99.24749755859375,96.48999786376953,98.98999786376953,153198000
2020-07-16,93.3752670288086,96.52249908447266,97.40499877929688,95.90499877929688,96.5625,110577600
2020-07-17,93.18660736083984,96.32749938964844,97.14749908447266,95.83999633789062,96.98750305175781,92186800
2020-07-20,95.15042114257812,98.35749816894531,98.5,96.0625,96.4175033569336,90318000
2020-07-21,93.83716583251953,97.0,99.25,96.74250030517578,99.17250061035156,103433200
2020-07-22,94.10079956054688,97.27249908447266,97.9749984741211,96.60250091552734,96.69249725341797,89001600
2020-07-23,89.8176498413086,92.84500122070312,97.07749938964844,92.01000213623047,96.99749755859375,197004400
2020-07-24,89.59516143798828,92.61499786376953,92.97000122070312,89.1449966430664,90.98750305175781,185438800
2020-07-27,91.71858215332031,94.80999755859375,94.90499877929688,93.4800033569336,93.70999908447266,121214000
2020-07-28,90.21186828613281,93.25250244140625,94.55000305175781,93.24749755859375,94.36750030517578,103625600
2020-07-29,91.94107818603516,95.04000091552734,95.2300033569336,93.7125015258789,93.75,90329200
2020-07-30,93.0535888671875,96.19000244140625,96.29750061035156,93.76750183105469,94.1875,158130000
2020-07-31,102.79524993896484,106.26000213623047,106.41500091552734,100.82499694824219,102.88500213623047,374336800
2020-08-03,105.38541412353516,108.9375,111.63749694824219,107.89250183105469,108.19999694824219,308151200
2020-08-04,106.08921813964844,109.66500091552734,110.79000091552734,108.38749694824219,109.13249969482422,173071600
2020-08-05,106.47377014160156,110.0625,110.39250183105469,108.89749908447266,109.37750244140625,121776800
2020-08-06,110.18853759765625,113.90249633789062,114.4124984741211,109.79750061035156,110.40499877929688,202428800
2020-08-07,107.68333435058594,111.11250305175781,113.67500305175781,110.2925033569336,113.20500183105469,198045600
2020-08-10,109.24848175048828,112.72750091552734,113.7750015258789,110.0,112.5999984741211,212403600
2020-08-11,105.99944305419922,109.375,112.48249816894531,109.10749816894531,111.97000122070312,187902400
2020-08-12,109.52225494384766,113.01000213623047,113.2750015258789,110.29750061035156,110.49749755859375,165598000
2020-08-13,111.46052551269531,115.01000213623047,116.0425033569336,113.92749786376953,114.43000030517578,210082000
2020-08-14,111.3612289428711,114.90750122070312,115.0,113.04499816894531,114.83000183105469,165565200
2020-08-17,111.07048034667969,114.60749816894531,116.0875015258789,113.9625015258789,116.0625,119561600
2020-08-18,111.99598693847656,115.5625,116.0,114.00749969482422,114.35250091552734,105633600
2020-08-19,112.13650512695312,115.7074966430664,117.1624984741211,115.61000061035156,115.98249816894531,145538000
2020-08-20,114.6247787475586,118.2750015258789,118.39250183105469,115.73249816894531,115.75,126907200
2020-08-21,120.53167724609375,124.37000274658203,124.86750030517578,119.25,119.26249694824219,338054800
2020-08-24,121.9732666015625,125.85749816894531,128.78500366210938,123.9375,128.69749450683594,345937600
2020-08-25,120.9726333618164,124.82499694824219,125.18000030517578,123.05249786376953,124.69750213623047,211495600
2020-08-26,122.61772918701172,126.52249908447266,126.99250030517578,125.0824966430664,126.18000030517578,163022400
2020-08-27,121.15191650390625,125.01000213623047,127.48500061035156,123.8324966430664,127.14250183105469,155552400
2020-08-28,120.95565032958984,124.80750274658203,126.44249725341797,124.57749938964844,126.01249694824219,187630000
2020-08-31,125.05752563476562,129.0399932861328,131.0,126.0,127.58000183105469,225702700
2020-09-01,130.0388946533203,134.17999267578125,134.8000030517578,130.52999877929688,132.75999450683594,151948100
2020-09-02,127.3447036743164,131.39999389648438,137.97999572753906,127.0,137.58999633789062,200119000
2020-09-03,117.14936065673828,120.87999725341797,128.83999633789062,120.5,126.91000366210938,257599600
2020-09-04,117.2269058227539,120.95999908447266,123.69999694824219,110.88999938964844,120.06999969482422,332607200
2020-09-08,109.338134765625,112.81999969482422,118.98999786376953,112.68000030517578,113.94999694824219,231366600
2020-09-09,113.69925689697266,117.31999969482422,119.13999938964844,115.26000213623047,117.26000213623047,176940500
2020-09-10,109.98743438720703,113.48999786376953,120.5,112.5,120.36000061035156,182274400
2020-09-11,108.54344177246094,112.0,115.2300033569336,110.0,114.56999969482422,180860300
2020-09-14,111.79972839355469,115.36000061035156,115.93000030517578,112.80000305175781,114.72000122070312,140150100
2020-09-15,111.97418975830078,115.54000091552734,118.83000183105469,113.61000061035156,118.33000183105469,184642000
2020-09-16,108.6694107055664,112.12999725341797,116.0,112.04000091552734,115.2300033569336,154679000
2020-09-17,106.9346694946289,110.33999633789062,112.19999694824219,108.70999908447266,109.72000122070312,178011000
2020-09-18,103.54268646240234,106.83999633789062,110.87999725341797,106.08999633789062,110.4000015258789,287104900
2020-09-21,106.68270111083984,110.08000183105469,110.19000244140625,103.0999984741211,104.54000091552734,195713800
2020-09-22,108.35928344726562,111.80999755859375,112.86000061035156,109.16000366210938,112.68000030517578,183055400
2020-09-23,103.81404876708984,107.12000274658203,112.11000061035156,106.7699966430664,111.62000274658203,150718700
2020-09-24,104.88011932373047,108.22000122070312,110.25,105.0,105.16999816894531,167743300
2020-09-25,108.8147964477539,112.27999877929688,112.44000244140625,107.66999816894531,108.43000030517578,149981400
2020-09-28,111.41207885742188,114.95999908447266,115.31999969482422,112.77999877929688,115.01000213623047,137672400
2020-09-29,110.5689468383789,114.08999633789062,115.30999755859375,113.56999969482422,114.55000305175781,99382200
2020-09-30,112.23585510253906,115.80999755859375,117.26000213623047,113.62000274658203,113.79000091552734,142675200
2020-10-01,113.18561553955078,116.79000091552734,117.72000122070312,115.83000183105469,117.63999938964844,116120400
2020-10-02,109.53193664550781,113.0199966430664,115.37000274658203,112.22000122070312,112.88999938964844,144712000
2020-10-05,112.9045639038086,116.5,116.6500015258789,113.55000305175781,113.91000366210938,106243800
2020-10-06,109.6676254272461,113.16000366210938,116.12000274658203,112.25,115.69999694824219,161498200
2020-10-07,111.52837371826172,115.08000183105469,115.55000305175781,114.12999725341797,114.62000274658203,96849000
2020-10-08,111.42176818847656,114.97000122070312,116.4000015258789,114.58999633789062,116.25,83477200
2020-10-09,113.36005401611328,116.97000122070312,117.0,114.91999816894531,115.27999877929688,100506900
2020-10-12,120.56074523925781,124.4000015258789,125.18000030517578,119.27999877929688,120.05999755859375,240226800
2020-10-13,117.36258697509766,121.0999984741211,125.38999938964844,119.6500015258789,125.2699966430664,262330500
2020-10-14,117.44982147216797,121.19000244140625,123.02999877929688,119.62000274658203,121.0,150712000
2020-10-15,116.984619140625,120.70999908447266,121.19999694824219,118.1500015258789,118.72000122070312,112559200
2020-10-16,115.34677124023438,119.0199966430664,121.55000305175781,118.80999755859375,121.27999877929688,115393800
2020-10-19,112.4006118774414,115.9800033569336,120.41999816894531,115.66000366210938,119.95999908447266,120639300
2020-10-20,113.88339233398438,117.51000213623047,118.9800033569336,115.62999725341797,116.19999694824219,124423700
2020-10-21,113.26313018798828,116.87000274658203,118.70999908447266,116.44999694824219,116.66999816894531,89946000
2020-10-22,112.17770385742188,115.75,118.04000091552734,114.58999633789062,117.44999694824219,101988000
2020-10-23,111.48960876464844,115.04000091552734,116.55000305175781,114.27999877929688,116.38999938964844,82572600
2020-10-26,111.49932861328125,115.05000305175781,116.55000305175781,112.87999725341797,114.01000213623047,111850700
2020-10-27,113.00148010253906,116.5999984741211,117.27999877929688,114.54000091552734,115.48999786376953,92276800
2020-10-28,107.76811981201172,111.19999694824219,115.43000030517578,111.0999984741211,115.05000305175781,143937800
2020-10-29,111.76097869873047,115.31999969482422,116.93000030517578,112.19999694824219,112.37000274658203,146129200
2020-10-30,105.50033569335938,108.86000061035156,111.98999786376953,107.72000122070312,111.05999755859375,190272600
2020-11-02,105.4131088256836,108.7699966430664,110.68000030517578,107.31999969482422,109.11000061035156,122866900
2020-11-03,107.03158569335938,110.44000244140625,111.48999786376953,108.7300033569336,109.66000366210938,107624400
2020-11-04,111.40241241455078,114.94999694824219,115.58999633789062,112.3499984741211,114.13999938964844,138235500
2020-11-05,115.3564682006836,119.02999877929688,119.62000274658203,116.87000274658203,117.94999694824219,126387100
2020-11-06,115.22541809082031,118.69000244140625,119.19999694824219,116.12999725341797,118.31999969482422,114457900
2020-11-09,112.92460632324219,116.31999969482422,121.98999786376953,116.05000305175781,120.5,154515300
2020-11-10,112.5848159790039,115.97000122070312,117.58999633789062,114.12999725341797,115.55000305175781,138023400
2020-11-11,116.00206756591797,119.48999786376953,119.62999725341797,116.44000244140625,117.19000244140625,112295000
2020-11-12,115.7302474975586,119.20999908447266,120.52999877929688,118.56999969482422,119.62000274658203,103162300
2020-11-13,115.77877807617188,119.26000213623047,119.66999816894531,117.87000274658203,119.44000244140625,81581900
2020-11-16,116.78842163085938,120.30000305175781,120.98999786376953,118.1500015258789,118.91999816894531,91183000
2020-11-17,115.90501403808594,119.38999938964844,120.66999816894531,118.95999908447266,119.55000305175781,74271000
2020-11-18,114.58467864990234,118.02999877929688,119.81999969482422,118.0,118.61000061035156,76322100
2020-11-19,115.17686462402344,118.63999938964844,119.05999755859375,116.80999755859375,117.58999633789062,74113000
2020-11-20,113.91480255126953,117.33999633789062,118.7699966430664,117.29000091552734,118.63999938964844,73604300
2020-11-23,110.52670288085938,113.8499984741211,117.62000274658203,113.75,117.18000030517578,127959300
2020-11-24,111.80816650390625,115.16999816894531,115.8499984741211,112.58999633789062,113.91000366210938,113874200
2020-11-25,112.64307403564453,116.02999877929688,116.75,115.16999816894531,115.55000305175781,76499200
2020-11-27,113.18673706054688,116.58999633789062,117.48999786376953,116.22000122070312,116.56999969482422,46691300
2020-11-30,115.5749282836914,119.05000305175781,120.97000122070312,116.80999755859375,116.97000122070312,169410200
2020-12-01,119.13777160644531,122.72000122070312,123.47000122070312,120.01000213623047,121.01000213623047,127728200
2020-12-02,119.48726654052734,123.08000183105469,123.37000274658203,120.88999938964844,122.0199966430664,89004200
2020-12-03,119.35135650634766,122.94000244140625,123.77999877929688,122.20999908447266,123.5199966430664,78967600
2020-12-04,118.68150329589844,122.25,122.86000061035156,121.5199966430664,122.5999984741211,78260400
2020-12-07,120.1377182006836,123.75,124.56999969482422,122.25,122.30999755859375,86712000
2020-12-08,120.74930572509766,124.37999725341797,124.9800033569336,123.08999633789062,124.37000274658203,82225500
2020-12-09,118.22520446777344,121.77999877929688,125.94999694824219,121.0,124.52999877929688,115089200
2020-12-10,119.642578125,123.23999786376953,123.87000274658203,120.1500015258789,120.5,81312200
2020-12-11,118.83682250976562,122.41000366210938,122.76000213623047,120.55000305175781,122.43000030517578,86939800
2020-12-14,118.22520446777344,121.77999877929688,123.3499984741211,121.54000091552734,122.5999984741211,79184500
2020-12-15,124.14717102050781,127.87999725341797,127.9000015258789,124.12999725341797,124.33999633789062,157243700
2020-12-16,124.0792007446289,127.80999755859375,128.3699951171875,126.55999755859375,127.41000366210938,98208600
2020-12-17,124.94325256347656,128.6999969482422,129.5800018310547,128.0399932861328,128.89999389648438,94359800
2020-12-18,122.96277618408203,126.66000366210938,129.10000610351562,126.12000274658203,128.9600067138672,192541500
2020-12-21,124.4869384765625,128.22999572753906,128.30999755859375,123.44999694824219,125.0199966430664,121251600
2020-12-22,128.03041076660156,131.8800048828125,134.41000366210938,129.64999389648438,131.61000061035156,168904800
2020-12-23,127.13726043701172,130.9600067138672,132.42999267578125,130.77999877929688,132.16000366210938,88223700
2020-12-24,128.11778259277344,131.97000122070312,133.4600067138672,131.10000610351562,131.32000732421875,54930100
2020-12-28,132.7000274658203,136.69000244140625,137.33999633789062,133.50999450683594,133.99000549316406,124486200
2020-12-29,130.9331512451172,134.8699951171875,138.7899932861328,134.33999633789062,138.0500030517578,121047300
2020-12-30,129.8166961669922,133.72000122070312,135.99000549316406,133.39999389648438,135.5800018310547,96452100
2020-12-31,128.81674194335938,132.69000244140625,134.74000549316406,131.72000122070312,134.0800018310547,99116600
2021-01-04,125.63249206542969,129.41000366210938,133.61000061035156,126.76000213623047,133.52000427246094,143301900
2021-01-05,127.185791015625,131.00999450683594,131.74000549316406,128.42999267578125,128.88999938964844,97664900
2021-01-06,122.90452575683594,126.5999984741211,131.0500030517578,126.37999725341797,127.72000122070312,155088000
2021-01-07,127.09840393066406,130.9199981689453,131.6300048828125,127.86000061035156,128.36000061035156,109578200
2021-01-08,128.19540405273438,132.0500030517578,132.6300048828125,130.22999572753906,132.42999267578125,105158200
2021-01-11,125.21503448486328,128.97999572753906,130.1699981689453,128.5,129.19000244140625,100384500
2021-01-12,125.0403060913086,128.8000030517578,129.69000244140625,126.86000061035156,128.5,91951100
2021-01-13,127.06930541992188,130.88999938964844,131.4499969482422,128.49000549316406,128.75999450683594,88636800
2021-01-14,125.14710235595703,128.91000366210938,131.0,128.75999450683594,130.8000030517578,90221800
2021-01-15,123.42875671386719,127.13999938964844,130.22000122070312,127.0,128.77999877929688,111598500
2021-01-19,124.09861755371094,127.83000183105469,128.7100067138672,126.94000244140625,127.77999877929688,90757300
2021-01-20,128.176025390625,132.02999877929688,132.49000549316406,128.5500030517578,128.66000366210938,104319500
2021-01-21,132.87474060058594,136.8699951171875,139.6699981689453,133.58999633789062,133.8000030517578,120150900
2021-01-22,135.0105438232422,139.07000732421875,139.85000610351562,135.02000427246094,136.27999877929688,114459400
2021-01-25,138.74813842773438,142.9199981689453,145.08999633789062,136.5399932861328,143.07000732421875,157611700
2021-01-26,138.9811553955078,143.16000366210938,144.3000030517578,141.3699951171875,143.60000610351562,98390600
2021-01-27,137.91322326660156,142.05999755859375,144.3000030517578,140.41000366210938,143.42999267578125,140843800
2021-01-28,133.08831787109375,137.08999633789062,141.99000549316406,136.6999969482422,139.52000427246094,142621100
2021-01-29,128.10809326171875,131.9600067138672,136.74000549316406,130.2100067138672,135.8300018310547,177523800
2021-02-01,130.2244415283203,134.13999938964844,135.3800048828125,130.92999267578125,133.75,106239800
2021-02-02,131.04965209960938,134.99000549316406,136.30999755859375,134.61000061035156,135.72999572753906,83305400
2021-02-03,130.0302734375,133.94000244140625,135.77000427246094,133.61000061035156,135.75999450683594,89880900
2021-02-04,133.3795623779297,137.38999938964844,137.39999389648438,134.58999633789062,136.3000030517578,84183100
2021-02-05,132.96633911132812,136.75999450683594,137.4199981689453,135.86000061035156,137.35000610351562,75693800
2021-02-08,133.11221313476562,136.91000366210938,136.9600067138672,134.9199981689453,136.02999877929688,71297200
2021-02-09,132.23715209960938,136.00999450683594,137.8800048828125,135.85000610351562,136.6199951171875,76774200
2021-02-10,131.63438415527344,135.38999938964844,136.99000549316406,134.39999389648438,136.47999572753906,73046600
2021-02-11,131.3815460205078,135.1300048828125,136.38999938964844,133.77000427246094,135.89999389648438,64280000
2021-02-12,131.61489868164062,135.3699951171875,135.52999877929688,133.69000244140625,134.35000610351562,60145100
2021-02-16,129.4954071044922,133.19000244140625,136.00999450683594,132.7899932861328,135.49000549316406,80576300
2021-02-17,127.21054077148438,130.83999633789062,132.22000122070312,129.47000122070312,131.25,97918500
2021-02-18,126.11190795898438,129.7100067138672,130.0,127.41000366210938,129.1999969482422,96856700
2021-02-19,126.26746368408203,129.8699951171875,130.7100067138672,128.8000030517578,130.24000549316406,87668800
2021-02-22,122.50482940673828,126.0,129.72000122070312,125.5999984741211,128.00999450683594,103916400
2021-02-23,122.36870574951172,125.86000061035156,126.70999908447266,118.38999938964844,123.76000213623047,158273000
2021-02-24,121.87284088134766,125.3499984741211,125.55999755859375,122.2300033569336,124.94000244140625,111039900
2021-02-25,117.63380432128906,120.98999786376953,126.45999908447266,120.54000091552734,124.68000030517578,148199500
2021-02-26,117.89631652832031,121.26000213623047,124.8499984741211,121.19999694824219,122.58999633789062,164560400
2021-03-01,124.24517059326172,127.79000091552734,127.93000030517578,122.79000091552734,123.75,116307900
2021-03-02,121.64923095703125,125.12000274658203,128.72000122070312,125.01000213623047,128.41000366210938,102260900
2021-03-03,118.67411804199219,122.05999755859375,125.70999908447266,121.83999633789062,124.80999755859375,112966300
2021-03-04,116.79765319824219,120.12999725341797,123.5999984741211,118.62000274658203,121.75,178155000
2021-03-05,118.0518569946289,121.41999816894531,121.94000244140625,117.56999969482422,120.9800033569336,153766600
2021-03-08,113.13225555419922,116.36000061035156,121.0,116.20999908447266,120.93000030517578,154376600
2021-03-09,117.73101043701172,121.08999633789062,122.05999755859375,118.79000091552734,119.02999877929688,129525800
2021-03-10,116.65180969238281,119.9800033569336,122.16999816894531,119.44999694824219,121.69000244140625,111943300
2021-03-11,118.57688903808594,121.95999908447266,123.20999908447266,121.26000213623047,122.54000091552734,103026500
2021-03-12,117.67269134521484,121.02999877929688,121.16999816894531,119.16000366210938,120.4000015258789,88105100
2021-03-15,120.55059051513672,123.98999786376953,124.0,120.41999816894531,121.41000366210938,92403800
2021-03-16,122.08677673339844,125.56999969482422,127.22000122070312,124.72000122070312,125.69999694824219,115227900
2021-03-17,121.29920959472656,124.76000213623047,125.86000061035156,122.33999633789062,124.05000305175781,111932600
2021-03-18,117.18656158447266,120.52999877929688,123.18000030517578,120.31999969482422,122.87999725341797,121229700
2021-03-19,116.66152954101562,119.98999786376953,121.43000030517578,119.68000030517578,119.9000015258789,185549500
2021-03-22,119.96722412109375,123.38999938964844,123.87000274658203,120.26000213623047,120.33000183105469,111912300
2021-03-23,119.14080810546875,122.54000091552734,124.23999786376953,122.13999938964844,123.33000183105469,95467100
2021-03-24,116.7587661743164,120.08999633789062,122.9000015258789,120.06999969482422,122.81999969482422,88530500
2021-03-25,117.24490356445312,120.58999633789062,121.66000366210938,119.0,119.54000091552734,98844700
2021-03-26,117.84770202636719,121.20999908447266,121.4800033569336,118.91999816894531,120.3499984741211,94071200
2021-03-29,118.0226821899414,121.38999938964844,122.58000183105469,120.7300033569336,121.6500015258789,80819200
2021-03-30,116.57403564453125,119.9000015258789,120.4000015258789,118.86000061035156,120.11000061035156,85671900
2021-03-31,118.76161193847656,122.1500015258789,123.5199966430664,121.1500015258789,121.6500015258789,118323800
2021-04-01,119.58804321289062,123.0,124.18000030517578,122.48999786376953,123.66000366210938,75089100
2021-04-05,122.40760040283203,125.9000015258789,126.16000366210938,123.06999969482422,123.87000274658203,88651200
2021-04-06,122.70899963378906,126.20999908447266,127.12999725341797,125.6500015258789,126.5,80171300
2021-04-07,124.35211181640625,127.9000015258789,127.91999816894531,125.13999938964844,125.83000183105469,83466700
2021-04-08,126.74382781982422,130.36000061035156,130.38999938964844,128.52000427246094,128.9499969482422,88844600
2021-04-09,129.31063842773438,133.0,133.0399932861328,129.47000122070312,129.8000030517578,106686700
2021-04-12,127.59947204589844,131.24000549316406,132.85000610351562,130.6300048828125,132.52000427246094,91420000
2021-04-13,130.70098876953125,134.42999267578125,134.66000366210938,131.92999267578125,132.44000244140625,91266500
2021-04-14,128.3675537109375,132.02999877929688,135.0,131.66000366210938,134.94000244140625,87222800
2021-04-15,130.76904296875,134.5,135.0,133.63999938964844,133.82000732421875,89347100
2021-04-16,130.43846130371094,134.16000366210938,134.6699981689453,133.27999877929688,134.3000030517578,84922400
2021-04-19,131.09962463378906,134.83999633789062,135.47000122070312,133.33999633789062,133.50999450683594,94264200
2021-04-20,129.41758728027344,133.11000061035156,135.52999877929688,131.80999755859375,135.02000427246094,94812300
2021-04-21,129.79678344726562,133.5,133.75,131.3000030517578,132.36000061035156,68847100
2021-04-22,128.280029296875,131.94000244140625,134.14999389648438,131.41000366210938,133.0399932861328,84566500
2021-04-23,130.59405517578125,134.32000732421875,135.1199951171875,132.16000366210938,132.16000366210938,78657500
2021-04-26,130.9829559326172,134.72000122070312,135.05999755859375,133.55999755859375,134.8300018310547,66905100
2021-04-27,130.662109375,134.38999938964844,135.41000366210938,134.11000061035156,135.00999450683594,66015800
2021-04-28,129.87452697753906,133.5800018310547,135.02000427246094,133.0800018310547,134.30999755859375,107760100
2021-04-29,129.77735900878906,133.47999572753906,137.07000732421875,132.4499969482422,136.47000122070312,151101000
2021-04-30,127.81333923339844,131.4600067138672,133.55999755859375,131.07000732421875,131.77999877929688,109839500
2021-05-03,128.86338806152344,132.5399932861328,134.07000732421875,131.8300018310547,132.0399932861328,75135100
2021-05-04,124.30349731445312,127.8499984741211,131.49000549316406,126.69999694824219,131.19000244140625,137564700
2021-05-05,124.54658508300781,128.10000610351562,130.4499969482422,127.97000122070312,129.1999969482422,84000900
2021-05-06,126.14107513427734,129.74000549316406,129.75,127.12999725341797,127.88999938964844,78128300
2021-05-07,126.81309509277344,130.2100067138672,131.25999450683594,129.47999572753906,130.85000610351562,78973300
2021-05-10,123.5407485961914,126.8499984741211,129.5399932861328,126.80999755859375,129.41000366210938,88071200
2021-05-11,122.6252670288086,125.91000366210938,126.2699966430664,122.7699966430664,123.5,126142800
2021-05-12,119.56717681884766,122.7699966430664,124.63999938964844,122.25,123.4000015258789,112172300
2021-05-13,121.70977020263672,124.97000122070312,126.1500015258789,124.26000213623047,124.58000183105469,105861300
2021-05-14,124.12506866455078,127.44999694824219,127.88999938964844,125.8499984741211,126.25,81918000
2021-05-17,122.97586822509766,126.2699966430664,126.93000030517578,125.16999816894531,126.81999969482422,74244600
2021-05-18,121.59290313720703,124.8499984741211,126.98999786376953,124.77999877929688,126.55999755859375,63342900
2021-05-19,121.43708038330078,124.69000244140625,124.91999816894531,122.86000061035156,123.16000366210938,92612000
2021-05-20,123.98873138427734,127.30999755859375,127.72000122070312,125.0999984741211,125.2300033569336,76857100
2021-05-21,122.15777587890625,125.43000030517578,128.0,125.20999908447266,127.81999969482422,79295400
2021-05-24,123.78421783447266,127.0999984741211,127.94000244140625,125.94000244140625,126.01000213623047,63092900
2021-05-25,123.58942413330078,126.9000015258789,128.32000732421875,126.31999969482422,127.81999969482422,72009500
2021-05-26,123.5407485961914,126.8499984741211,127.38999938964844,126.41999816894531,126.95999908447266,56575900
2021-05-27,122.0116958618164,125.27999877929688,127.63999938964844,125.08000183105469,126.44000244140625,94625600
2021-05-28,121.35917663574219,124.61000061035156,125.80000305175781,124.55000305175781,125.56999969482422,71311100
2021-06-01,121.03778076171875,124.27999877929688,125.3499984741211,123.94000244140625,125.08000183105469,67637100
2021-06-02,121.79741668701172,125.05999755859375,125.23999786376953,124.05000305175781,124.27999877929688,59278900
2021-06-03,120.31707763671875,123.54000091552734,124.8499984741211,123.12999725341797,124.68000030517578,76229200
2021-06-04,122.60578155517578,125.88999938964844,126.16000366210938,123.8499984741211,124.06999969482422,75169300
2021-06-07,122.61551666259766,125.9000015258789,126.31999969482422,124.83000183105469,126.16999816894531,71057600
2021-06-08,123.4336166381836,126.73999786376953,128.4600067138672,126.20999908447266,126.5999984741211,74403800
2021-06-09,123.81342315673828,127.12999725341797,127.75,126.5199966430664,127.20999908447266,56877900
2021-06-10,122.8200454711914,126.11000061035156,128.19000244140625,125.94000244140625,127.0199966430664,71186400
2021-06-11,124.02769470214844,127.3499984741211,127.44000244140625,126.0999984741211,126.52999877929688,53522400
2021-06-14,127.0760498046875,130.47999572753906,130.5399932861328,127.06999969482422,127.81999969482422,96906500
2021-06-15,126.25794219970703,129.63999938964844,130.60000610351562,129.38999938964844,129.94000244140625,62746300
2021-06-16,126.75462341308594,130.14999389648438,130.88999938964844,128.4600067138672,130.3699951171875,91815000
2021-06-17,128.3518524169922,131.7899932861328,132.5500030517578,129.64999389648438,129.8000030517578,96721700
2021-06-18,127.05657196044922,130.4600067138672,131.50999450683594,130.24000549316406,130.7100067138672,108953300
2021-06-21,128.84854125976562,132.3000030517578,132.41000366210938,129.2100067138672,130.3000030517578,79663300
2021-06-22,130.48468017578125,133.97999572753906,134.0800018310547,131.6199951171875,132.1300048828125,74783600
2021-06-23,130.21202087402344,133.6999969482422,134.32000732421875,133.22999572753906,133.77000427246094,60214200
2021-06-24,129.92962646484375,133.41000366210938,134.63999938964844,132.92999267578125,134.4499969482422,68711000
2021-06-25,129.6374053955078,133.11000061035156,133.88999938964844,132.80999755859375,133.4600067138672,70783700
2021-06-28,131.26385498046875,134.77999877929688,135.25,133.35000610351562,133.41000366210938,62111300
2021-06-29,132.7733917236328,136.3300018310547,136.49000549316406,134.35000610351562,134.8000030517578,64556100
2021-06-30,133.38697814941406,136.9600067138672,137.41000366210938,135.8699951171875,136.1699981689453,63261400
2021-07-01,133.68890380859375,137.27000427246094,137.3300018310547,135.75999450683594,136.60000610351562,52485800
2021-07-02,136.3087615966797,139.9600067138672,140.0,137.75,137.89999389648438,78852600
2021-07-06,138.31495666503906,142.02000427246094,143.14999389648438,140.07000732421875,140.07000732421875,108181800
2021-07-07,140.7984619140625,144.57000732421875,144.88999938964844,142.66000366210938,143.5399932861328,104911600
2021-07-08,139.50314331054688,143.24000549316406,144.05999755859375,140.6699981689453,141.5800018310547,105575500
2021-07-09,141.3243408203125,145.11000061035156,145.64999389648438,142.64999389648438,142.75,99890800
2021-07-12,140.73031616210938,144.5,146.32000732421875,144.0,146.2100067138672,76299700
2021-07-13,141.84056091308594,145.63999938964844,147.4600067138672,143.6300048828125,144.02999877929688,100827100
2021-07-14,145.25894165039062,149.14999389648438,149.57000732421875,147.67999267578125,148.10000610351562,127050800
2021-07-15,144.6064453125,148.47999572753906,150.0,147.08999633789062,149.24000549316406,106820300
2021-07-16,142.57095336914062,146.38999938964844,149.75999450683594,145.8800048828125,148.4600067138672,93251400
2021-07-19,138.73374938964844,142.4499969482422,144.07000732421875,141.6699981689453,143.75,121434600
2021-07-20,142.3372344970703,146.14999389648438,147.10000610351562,142.9600067138672,143.4600067138672,96350000
2021-07-21,141.60679626464844,145.39999389648438,146.1300048828125,144.6300048828125,145.52999877929688,74993500
2021-07-22,142.97027587890625,146.8000030517578,148.1999969482422,145.80999755859375,145.94000244140625,77338200
2021-07-23,144.68434143066406,148.55999755859375,148.72000122070312,146.9199981689453,147.5500030517578,71447400
2021-07-26,145.10316467285156,148.99000549316406,149.8300018310547,147.6999969482422,148.27000427246094,72434100
2021-07-27,142.94107055664062,146.77000427246094,149.2100067138672,145.5500030517578,149.1199951171875,104818600
2021-07-28,141.19773864746094,144.97999572753906,146.97000122070312,142.5399932861328,144.80999755859375,118931200
2021-07-29,141.84056091308594,145.63999938964844,146.5500030517578,144.5800018310547,144.69000244140625,56699500
2021-07-30,142.05477905273438,145.86000061035156,146.3300018310547,144.11000061035156,144.3800048828125,70440600
2021-08-02,141.72366333007812,145.52000427246094,146.9499969482422,145.25,146.36000061035156,62880000
2021-08-03,143.51564025878906,147.36000061035156,148.0399932861328,145.17999267578125,145.80999755859375,64786600
2021-08-04,143.1163787841797,146.9499969482422,147.7899932861328,146.27999877929688,147.27000427246094,56368300
2021-08-05,143.22348022460938,147.05999755859375,147.83999633789062,146.1699981689453,146.97999572753906,46397700
2021-08-06,142.5407257080078,146.13999938964844,147.11000061035156,145.6300048828125,146.35000610351562,54126800
2021-08-09,142.491943359375,146.08999633789062,146.6999969482422,145.52000427246094,146.1999969482422,48908700
2021-08-10,142.01400756835938,145.60000610351562,147.7100067138672,145.3000030517578,146.44000244140625,69023100
2021-08-11,142.26766967773438,145.86000061035156,146.72000122070312,145.52999877929688,146.0500030517578,48493500
2021-08-12,145.22303771972656,148.88999938964844,149.0500030517578,145.83999633789062,146.19000244140625,72282600
2021-08-13,145.4278564453125,149.10000610351562,149.44000244140625,148.27000427246094,148.97000122070312,59375000
2021-08-16,147.3980712890625,151.1199951171875,151.19000244140625,146.47000122070312,148.5399932861328,103296000
2021-08-17,146.49099731445312,150.19000244140625,151.67999267578125,149.08999633789062,150.22999572753906,92229700
2021-08-18,142.75531005859375,146.36000061035156,150.72000122070312,146.14999389648438,149.8000030517578,86326000
2021-08-19,143.0869598388672,146.6999969482422,148.0,144.5,145.02999877929688,86960300
2021-08-20,144.54025268554688,148.19000244140625,148.5,146.77999877929688,147.44000244140625,60549600
2021-08-23,146.0228271484375,149.7100067138672,150.19000244140625,147.88999938964844,148.30999755859375,60131800
2021-08-24,145.93505859375,149.6199951171875,150.86000061035156,149.14999389648438,149.4499969482422,48606400
2021-08-25,144.7060546875,148.36000061035156,150.32000732421875,147.8000030517578,149.80999755859375,58991300
2021-08-26,143.90626525878906,147.5399932861328,149.1199951171875,147.50999450683594,148.35000610351562,48597200
2021-08-27,144.9401397705078,148.60000610351562,148.75,146.8300018310547,147.47999572753906,55802400
2021-08-30,149.3488311767578,153.1199951171875,153.49000549316406,148.61000061035156,149.0,90956700
2021-08-31,148.090576171875,151.8300018310547,152.8000030517578,151.2899932861328,152.66000366210938,86453100
2021-09-01,148.75384521484375,152.50999450683594,154.97999572753906,152.33999633789062,152.8300018310547,80313700
2021-09-02,149.86578369140625,153.64999389648438,154.72000122070312,152.39999389648438,153.8699951171875,71115500
2021-09-03,150.49977111816406,154.3000030517578,154.6300048828125,153.08999633789062,153.75999450683594,57808700
2021-09-07,152.83091735839844,156.69000244140625,157.25999450683594,154.38999938964844,154.97000122070312,82278300
2021-09-08,151.2898406982422,155.11000061035156,157.0399932861328,153.97999572753906,156.97999572753906,74420200
2021-09-09,150.27545166015625,154.07000732421875,156.11000061035156,153.9499969482422,155.49000549316406,57305700
2021-09-10,145.30104064941406,148.97000122070312,155.47999572753906,148.6999969482422,155.0,140893200
2021-09-13,145.8667755126953,149.5500030517578,151.4199981689453,148.75,150.6300048828125,102404300
2021-09-14,144.4719696044922,148.1199951171875,151.07000732421875,146.91000366210938,150.35000610351562,109296300
2021-09-15,145.3595428466797,149.02999877929688,149.44000244140625,146.3699951171875,148.55999755859375,83281300
2021-09-16,145.1254425048828,148.7899932861328,148.97000122070312,147.22000122070312,148.44000244140625,68034100
2021-09-17,142.46270751953125,146.05999755859375,148.82000732421875,145.75999450683594,148.82000732421875,129868800
2021-09-20,139.41954040527344,142.94000244140625,144.83999633789062,141.27000427246094,143.8000030517578,123478900
2021-09-21,139.89747619628906,143.42999267578125,144.60000610351562,142.77999877929688,143.92999267578125,75834000
2021-09-22,142.25787353515625,145.85000610351562,146.42999267578125,143.6999969482422,144.4499969482422,76404300
2021-09-23,143.21371459960938,146.8300018310547,147.0800018310547,145.63999938964844,146.64999389648438,64838200
2021-09-24,143.3015594482422,146.9199981689453,147.47000122070312,145.55999755859375,145.66000366210938,53477900
2021-09-27,141.78968811035156,145.3699951171875,145.9600067138672,143.82000732421875,145.47000122070312,74150700
2021-09-28,138.41493225097656,141.91000366210938,144.75,141.69000244140625,143.25,108972300
2021-09-29,139.312255859375,142.8300018310547,144.4499969482422,142.02999877929688,142.47000122070312,74602000
2021-09-30,138.01499938964844,141.5,144.3800048828125,141.27999877929688,143.66000366210938,89056700
2021-10-01,139.1366424560547,142.64999389648438,142.9199981689453,139.11000061035156,141.89999389648438,94639600
2021-10-04,135.71315002441406,139.13999938964844,142.2100067138672,138.27000427246094,141.75999450683594,98322000
2021-10-05,137.6345977783203,141.11000061035156,142.24000549316406,139.36000061035156,139.49000549316406,80861100
2021-10-06,138.50271606445312,142.0,142.14999389648438,138.3699951171875,139.47000122070312,83221100
2021-10-07,139.7609100341797,143.2899932861328,144.22000122070312,142.72000122070312,143.05999755859375,61732700
2021-10-08,139.38052368164062,142.89999389648438,144.17999267578125,142.55999755859375,144.02999877929688,58773200
2021-10-11,139.292724609375,142.80999755859375,144.80999755859375,141.80999755859375,142.27000427246094,64452200
2021-10-12,138.02476501464844,141.50999450683594,143.25,141.0399932861328,143.22999572753906,73035900
2021-10-13,137.43955993652344,140.91000366210938,141.39999389648438,139.1999969482422,141.24000549316406,78762700
2021-10-14,140.2193603515625,143.75999450683594,143.8800048828125,141.50999450683594,142.11000061035156,69907100
2021-10-15,141.2727813720703,144.83999633789062,144.89999389648438,143.50999450683594,143.77000427246094,67940300
2021-10-18,142.940673828125,146.5500030517578,146.83999633789062,143.16000366210938,143.4499969482422,85589200
2021-10-19,145.09616088867188,148.75999450683594,149.1699981689453,146.5500030517578,147.00999450683594,76378900
2021-10-20,145.58387756347656,149.25999450683594,149.75,148.1199951171875,148.6999969482422,58418800
2021-10-21,145.79847717285156,149.47999572753906,149.63999938964844,147.8699951171875,148.80999755859375,61421000
2021-10-22,145.02792358398438,148.69000244140625,150.17999267578125,148.63999938964844,149.69000244140625,58883400
2021-10-25,144.97915649414062,148.63999938964844,149.3699951171875,147.6199951171875,148.67999267578125,50720600
2021-10-26,145.64242553710938,149.32000732421875,150.83999633789062,149.00999450683594,149.3300018310547,60893400
2021-10-27,145.18402099609375,148.85000610351562,149.72999572753906,148.49000549316406,149.36000061035156,56094900
2021-10-28,148.8124237060547,152.57000732421875,153.1699981689453,149.72000122070312,149.82000732421875,100077900
2021-10-29,146.11061096191406,149.8000030517578,149.94000244140625,146.41000366210938,147.22000122070312,124953200
2021-11-01,145.291259765625,148.9600067138672,149.6999969482422,147.8000030517578,148.99000549316406,74588300
2021-11-02,146.32518005371094,150.02000427246094,151.57000732421875,148.64999389648438,148.66000366210938,69122000
2021-11-03,147.7589874267578,151.49000549316406,151.97000122070312,149.82000732421875,150.38999938964844,54511500
2021-11-04,147.24203491210938,150.9600067138672,152.42999267578125,150.63999938964844,151.5800018310547,60394600
2021-11-05,147.76951599121094,151.27999877929688,152.1999969482422,150.05999755859375,151.88999938964844,65463900
2021-11-08,146.948974609375,150.44000244140625,151.57000732421875,150.16000366210938,151.41000366210938,55020900
2021-11-09,147.31040954589844,150.80999755859375,151.42999267578125,150.05999755859375,150.1999969482422,56787900
2021-11-10,144.4874725341797,147.9199981689453,150.1300048828125,147.85000610351562,150.02000427246094,65187100
2021-11-11,144.4386444091797,147.8699951171875,149.42999267578125,147.67999267578125,148.9600067138672,41000000
2021-11-12,146.50942993164062,149.99000549316406,150.39999389648438,147.47999572753906,148.42999267578125,63804000
2021-11-15,146.51919555664062,150.0,151.8800048828125,149.42999267578125,150.3699951171875,59222800
2021-11-16,147.49595642089844,151.0,151.49000549316406,149.33999633789062,149.94000244140625,59256200
2021-11-17,149.92822265625,153.49000549316406,155.0,150.99000549316406,151.0,88807000
2021-11-18,154.20654296875,157.8699951171875,158.6699981689453,153.0500030517578,153.7100067138672,137827700
2021-11-19,156.82440185546875,160.5500030517578,161.02000427246094,156.52999877929688,157.64999389648438,117305600
2021-11-22,157.2834930419922,161.02000427246094,165.6999969482422,161.0,161.67999267578125,117467900
2021-11-23,157.66444396972656,161.41000366210938,161.8000030517578,159.05999755859375,161.1199951171875,96041900
2021-11-24,158.18214416503906,161.94000244140625,162.13999938964844,159.63999938964844,160.75,69463600
2021-11-26,153.17117309570312,156.80999755859375,160.4499969482422,156.36000061035156,159.57000732421875,76959800
2021-11-29,156.52157592773438,160.24000549316406,161.19000244140625,158.7899932861328,159.3699951171875,88748200
2021-11-30,161.4641571044922,165.3000030517578,165.52000427246094,159.9199981689453,159.99000549316406,174048100
2021-12-01,160.9464569091797,164.77000427246094,170.3000030517578,164.52999877929688,167.47999572753906,152052500
2021-12-02,159.9598846435547,163.75999450683594,164.1999969482422,157.8000030517578,158.74000549316406,136739200
2021-12-03,158.0844268798828,161.83999633789062,164.9600067138672,159.72000122070312,164.02000427246094,118023100
2021-12-06,161.48373413085938,165.32000732421875,167.8800048828125,164.27999877929688,164.2899932861328,107497000
2021-12-07,167.2077178955078,171.17999267578125,171.5800018310547,168.33999633789062,169.0800018310547,120405400
2021-12-08,171.0172119140625,175.0800018310547,175.9600067138672,170.6999969482422,172.1300048828125,116998900
2021-12-09,170.50927734375,174.55999755859375,176.75,173.9199981689453,174.91000366210938,108923700
2021-12-10,175.28579711914062,179.4499969482422,179.6300048828125,174.69000244140625,175.2100067138672,115402700
2021-12-13,171.66189575195312,175.74000549316406,182.1300048828125,175.52999877929688,181.1199951171875,153237000
2021-12-14,170.28460693359375,174.3300018310547,177.74000549316406,172.2100067138672,175.25,139380400
2021-12-15,175.1392822265625,179.3000030517578,179.5,172.30999755859375,175.11000061035156,131063300
2021-12-16,168.2626495361328,172.25999450683594,181.13999938964844,170.75,179.27999877929688,150185800
2021-12-17,167.1686553955078,171.13999938964844,173.47000122070312,169.69000244140625,169.92999267578125,195432700
2021-12-20,165.8109130859375,169.75,170.5800018310547,167.4600067138672,168.27999877929688,107499100
2021-12-21,168.97569274902344,172.99000549316406,173.1999969482422,169.1199951171875,171.55999755859375,91185900
2021-12-22,171.56419372558594,175.63999938964844,175.86000061035156,172.14999389648438,173.0399932861328,92135300
2021-12-23,172.18939208984375,176.27999877929688,176.85000610351562,175.27000427246094,175.85000610351562,68356600
2021-12-27,176.1453857421875,180.3300018310547,180.4199981689453,177.07000732421875,177.08999633789062,74919600
2021-12-28,175.12948608398438,179.2899932861328,181.3300018310547,178.52999877929688,180.16000366210938,79144300
2021-12-29,175.2174072265625,179.3800048828125,180.6300048828125,178.13999938964844,179.3300018310547,62348900
2021-12-30,174.06480407714844,178.1999969482422,180.57000732421875,178.08999633789062,179.47000122070312,59773000
2021-12-31,173.44943237304688,177.57000732421875,179.22999572753906,177.25999450683594,178.08999633789062,64062300
2022-01-03,177.78636169433594,182.00999450683594,182.8800048828125,177.7100067138672,177.8300018310547,104487900
2022-01-04,175.53001403808594,179.6999969482422,182.94000244140625,179.1199951171875,182.6300048828125,99310400
2022-01-05,170.8609161376953,174.9199981689453,180.1699981689453,174.63999938964844,179.61000061035156,94537600
2022-01-06,168.00868225097656,172.0,175.3000030517578,171.63999938964844,172.6999969482422,96904000
2022-01-07,168.17471313476562,172.1699981689453,174.13999938964844,171.02999877929688,172.88999938964844,86709100
2022-01-10,168.19427490234375,172.19000244140625,172.5,168.1699981689453,169.0800018310547,106765600
2022-01-11,171.0172119140625,175.0800018310547,175.17999267578125,170.82000732421875,172.32000732421875,76138300
2022-01-12,171.45675659179688,175.52999877929688,177.17999267578125,174.82000732421875,176.1199951171875,74805200
2022-01-13,168.19427490234375,172.19000244140625,176.6199951171875,171.7899932861328,175.77999877929688,84505800
2022-01-14,169.0538787841797,173.07000732421875,173.77999877929688,171.08999633789062,171.33999633789062,80440800
2022-01-18,165.85971069335938,169.8000030517578,172.5399932861328,169.41000366210938,171.50999450683594,90956700
2022-01-19,162.37258911132812,166.22999572753906,171.0800018310547,165.94000244140625,170.0,94815000
2022-01-20,160.69248962402344,164.50999450683594,169.67999267578125,164.17999267578125,166.97999572753906,91420500
2022-01-21,158.64122009277344,162.41000366210938,166.3300018310547,162.3000030517578,164.4199981689453,122848900
2022-01-24,157.86952209472656,161.6199951171875,162.3000030517578,154.6999969482422,160.02000427246094,162294600
2022-01-25,156.07228088378906,159.77999877929688,162.75999450683594,157.02000427246094,158.97999572753906,115798400
2022-01-26,155.98434448242188,159.69000244140625,164.38999938964844,157.82000732421875,163.5,108275300
2022-01-27,155.52525329589844,159.22000122070312,163.83999633789062,158.27999877929688,162.4499969482422,121954600
2022-01-28,166.3773956298828,170.3300018310547,170.35000610351562,162.8000030517578,165.7100067138672,179935700
2022-01-31,170.72412109375,174.77999877929688,175.0,169.50999450683594,170.16000366210938,115541600
2022-02-01,170.55810546875,174.61000061035156,174.83999633789062,172.30999755859375,174.00999450683594,86213900
2022-02-02,171.75958251953125,175.83999633789062,175.8800048828125,173.3300018310547,174.75,84914300
2022-02-03,168.88778686523438,172.89999389648438,176.24000549316406,172.1199951171875,174.47999572753906,89418100
2022-02-04,168.6041717529297,172.38999938964844,174.10000610351562,170.67999267578125,171.67999267578125,82465400
2022-02-07,167.89019775390625,171.66000366210938,173.9499969482422,170.9499969482422,172.86000061035156,77251200
2022-02-08,170.99057006835938,174.8300018310547,175.35000610351562,171.42999267578125,171.72999572753906,74829200
2022-02-09,172.40872192382812,176.27999877929688,176.64999389648438,174.89999389648438,176.0500030517578,71285000
2022-02-10,168.34007263183594,172.1199951171875,175.47999572753906,171.5500030517578,174.13999938964844,90865900
2022-02-11,164.93655395507812,168.63999938964844,173.0800018310547,168.0399932861328,172.3300018310547,98670700
2022-02-14,165.17124938964844,168.8800048828125,169.5800018310547,166.55999755859375,167.3699951171875,86185500
2022-02-15,168.99537658691406,172.7899932861328,172.9499969482422,170.25,170.97000122070312,62527400
2022-02-16,168.76068115234375,172.5500030517578,173.33999633789062,170.0500030517578,171.85000610351562,61177400
2022-02-17,165.17124938964844,168.8800048828125,171.91000366210938,168.47000122070312,171.02999877929688,69589300
2022-02-18,163.62594604492188,167.3000030517578,170.5399932861328,166.19000244140625,169.82000732421875,82772700
2022-02-22,160.71139526367188,164.32000732421875,166.69000244140625,162.14999389648438,164.97999572753906,91162800
2022-02-23,156.55471801757812,160.07000732421875,166.14999389648438,159.75,165.5399932861328,90009200
2022-02-24,159.16610717773438,162.74000549316406,162.85000610351562,152.0,152.5800018310547,141147500
2022-02-25,161.22975158691406,164.85000610351562,165.1199951171875,160.8699951171875,163.83999633789062,91974200
2022-02-28,161.4938201904297,165.1199951171875,165.4199981689453,162.42999267578125,163.05999755859375,95056600
2022-03-01,159.615966796875,163.1999969482422,166.60000610351562,161.97000122070312,164.6999969482422,83474400
2022-03-02,162.90220642089844,166.55999755859375,167.36000061035156,162.9499969482422,164.38999938964844,79724800
2022-03-03,162.57943725585938,166.22999572753906,168.91000366210938,165.5500030517578,168.47000122070312,76678400
2022-03-04,159.58665466308594,163.1699981689453,165.5500030517578,162.10000610351562,164.49000549316406,83737200
2022-03-07,155.80160522460938,159.3000030517578,165.02000427246094,159.0399932861328,163.36000061035156,96418800
2022-03-08,153.98248291015625,157.44000244140625,162.8800048828125,155.8000030517578,158.82000732421875,131148300
2022-03-09,159.37147521972656,162.9499969482422,163.41000366210938,159.41000366210938,161.47999572753906,91454900
2022-03-10,155.0387420654297,158.52000427246094,160.38999938964844,155.97999572753906,160.1999969482422,105342000
2022-03-11,151.33203125,154.72999572753906,159.27999877929688,154.5,158.92999267578125,96970100
2022-03-14,147.312255859375,150.6199951171875,154.1199951171875,150.10000610351562,151.4499969482422,108732100
2022-03-15,151.68408203125,155.08999633789062,155.57000732421875,150.3800048828125,150.89999389648438,92964300
2022-03-16,156.08529663085938,159.58999633789062,160.0,154.4600067138672,157.0500030517578,102300200
2022-03-17,157.09263610839844,160.6199951171875,161.0,157.6300048828125,158.61000061035156,75615400
2022-03-18,160.3788299560547,163.97999572753906,164.47999572753906,159.75999450683594,160.50999450683594,123511700
2022-03-21,161.7480926513672,165.3800048828125,166.35000610351562,163.00999450683594,163.50999450683594,95811400
2022-03-22,165.11256408691406,168.82000732421875,169.4199981689453,164.91000366210938,165.50999450683594,81532000
2022-03-23,166.4720458984375,170.2100067138672,172.63999938964844,167.64999389648438,167.99000549316406,98062700
2022-03-24,170.24725341796875,174.07000732421875,174.13999938964844,170.2100067138672,171.05999755859375,90131400
2022-03-25,170.88299560546875,174.72000122070312,175.27999877929688,172.75,173.8800048828125,80546200
2022-03-28,171.74368286132812,175.60000610351562,175.72999572753906,172.0,172.1699981689453,90371900
2022-03-29,175.02987670898438,178.9600067138672,179.00999450683594,176.33999633789062,176.69000244140625,100589400
2022-03-30,173.86599731445312,177.77000427246094,179.61000061035156,176.6999969482422,178.5500030517578,92633200
2022-03-31,170.77542114257812,174.61000061035156,178.02999877929688,174.39999389648438,177.83999633789062,103049300
2022-04-01,170.48199462890625,174.30999755859375,174.8800048828125,171.94000244140625,174.02999877929688,78751300
2022-04-04,174.52130126953125,178.44000244140625,178.49000549316406,174.44000244140625,174.57000732421875,76468400
2022-04-05,171.21551513671875,175.05999755859375,178.3000030517578,174.4199981689453,177.5,73401800
2022-04-06,168.0564727783203,171.8300018310547,173.6300048828125,170.1300048828125,172.36000061035156,89058800
2022-04-07,168.3596649169922,172.13999938964844,173.36000061035156,169.85000610351562,171.16000366210938,77594700
2022-04-08,166.3546905517578,170.08999633789062,171.77999877929688,169.1999969482422,171.77999877929688,76575500
2022-04-11,162.11000061035156,165.75,169.02999877929688,165.5,168.7100067138672,72246700
2022-04-12,163.97805786132812,167.66000366210938,169.8699951171875,166.63999938964844,168.02000427246094,79265200
2022-04-13,166.6578826904297,170.39999389648438,171.0399932861328,166.77000427246094,167.38999938964844,70618900
2022-04-14,161.6600799560547,165.2899932861328,171.27000427246094,165.0399932861328,170.6199951171875,75329400
2022-04-18,161.44493103027344,165.07000732421875,166.60000610351562,163.57000732421875,163.9199981689453,69023900
2022-04-19,163.7237548828125,167.39999389648438,167.82000732421875,163.91000366210938,165.02000427246094,67723800
2022-04-20,163.55751037597656,167.22999572753906,168.8800048828125,166.10000610351562,168.75999450683594,67929800
2022-04-21,162.7652587890625,166.4199981689453,171.52999877929688,165.91000366210938,168.91000366210938,87227800
2022-04-22,158.23696899414062,161.7899932861328,167.8699951171875,161.5,166.4600067138672,84882400
2022-04-25,159.3030242919922,162.8800048828125,163.1699981689453,158.4600067138672,161.1199951171875,96046400
2022-04-26,153.35655212402344,156.8000030517578,162.33999633789062,156.72000122070312,162.25,95623200
2022-04-27,153.131591796875,156.57000732421875,159.7899932861328,155.3800048828125,155.91000366210938,88063200
2022-04-28,160.0463104248047,163.63999938964844,164.52000427246094,158.92999267578125,159.25,130216800
2022-04-29,154.18788146972656,157.64999389648438,166.1999969482422,157.25,161.83999633789062,131747600
2022-05-02,154.49105834960938,157.9600067138672,158.22999572753906,153.27000427246094,156.7100067138672,123055300
2022-05-03,155.97772216796875,159.47999572753906,160.7100067138672,156.32000732421875,158.14999389648438,88966500
2022-05-04,162.3740692138672,166.02000427246094,166.47999572753906,159.25999450683594,159.6699981689453,108256500
2022-05-05,153.32720947265625,156.77000427246094,164.0800018310547,154.9499969482422,163.85000610351562,130525300
2022-05-06,154.05201721191406,157.27999877929688,159.44000244140625,154.17999267578125,156.00999450683594,116124600
2022-05-09,148.9391632080078,152.05999755859375,155.8300018310547,151.49000549316406,154.92999267578125,131577900
2022-05-10,151.33883666992188,154.50999450683594,156.74000549316406,152.92999267578125,155.52000427246094,115366700
2022-05-11,143.4932403564453,146.5,155.4499969482422,145.80999755859375,153.5,142689800
2022-05-12,139.63414001464844,142.55999755859375,146.1999969482422,138.8000030517578,142.77000427246094,182602000
2022-05-13,144.09075927734375,147.11000061035156,148.10000610351562,143.11000061035156,144.58999633789062,113990900
2022-05-16,142.55296325683594,145.5399932861328,147.52000427246094,144.17999267578125,145.5500030517578,86643800
2022-05-17,146.17703247070312,149.24000549316406,149.77000427246094,146.67999267578125,148.86000061035156,78336300
2022-05-18,137.9298553466797,140.82000732421875,147.36000061035156,139.89999389648438,146.85000610351562,109742900
2022-05-19,134.5310516357422,137.35000610351562,141.66000366210938,136.60000610351562,139.8800048828125,136095600
2022-05-20,134.76611328125,137.58999633789062,140.6999969482422,132.61000061035156,139.08999633789062,137426100
2022-05-23,140.17283630371094,143.11000061035156,143.25999450683594,137.64999389648438,137.7899932861328,117726300
2022-05-24,137.479248046875,140.36000061035156,141.97000122070312,137.3300018310547,140.80999755859375,104132700
2022-05-25,137.635986328125,140.52000427246094,141.7899932861328,138.33999633789062,138.42999267578125,92482700
2022-05-26,140.82904052734375,143.77999877929688,144.33999633789062,137.13999938964844,137.38999938964844,90601500
2022-05-27,146.5688018798828,149.63999938964844,149.67999267578125,145.25999450683594,145.38999938964844,90978500
2022-05-31,145.7852020263672,148.83999633789062,150.66000366210938,146.83999633789062,149.07000732421875,103718400
2022-06-01,145.6579132080078,148.7100067138672,151.74000549316406,147.67999267578125,149.89999389648438,74286600
2022-06-02,148.10658264160156,151.2100067138672,151.27000427246094,146.86000061035156,147.8300018310547,72348100
2022-06-03,142.39625549316406,145.3800048828125,147.97000122070312,144.4600067138672,146.89999389648438,88570300
2022-06-06,143.1406707763672,146.13999938964844,148.57000732421875,144.89999389648438,147.02999877929688,71598400
2022-06-07,145.6579132080078,148.7100067138672,149.0,144.10000610351562,144.35000610351562,67808200
2022-06-08,144.92330932617188,147.9600067138672,149.8699951171875,147.4600067138672,148.5800018310547,53950200
2022-06-09,139.7124786376953,142.63999938964844,147.9499969482422,142.52999877929688,147.0800018310547,69473000
2022-06-10,134.31558227539062,137.1300048828125,140.75999450683594,137.05999755859375,140.27999877929688,91437900
2022-06-13,129.17332458496094,131.8800048828125,135.1999969482422,131.44000244140625,132.8699951171875,122207100
2022-06-14,130.0352325439453,132.75999450683594,133.88999938964844,131.47999572753906,133.1300048828125,84784300
2022-06-15,132.6504669189453,135.42999267578125,137.33999633789062,132.16000366210938,134.2899932861328,91533000
2022-06-16,127.39066314697266,130.05999755859375,132.38999938964844,129.0399932861328,132.0800018310547,108123900
2022-06-17,128.85986328125,131.55999755859375,133.0800018310547,129.80999755859375,130.07000732421875,134520300
2022-06-21,133.0814208984375,135.8699951171875,137.05999755859375,133.32000732421875,133.4199981689453,81000500
2022-06-22,132.57211303710938,135.35000610351562,137.75999450683594,133.91000366210938,134.7899932861328,73409200
2022-06-23,135.43214416503906,138.27000427246094,138.58999633789062,135.6300048828125,136.82000732421875,72433800
2022-06-24,138.7526092529297,141.66000366210938,141.91000366210938,139.77000427246094,139.89999389648438,89116800
2022-06-27,138.7526092529297,141.66000366210938,143.49000549316406,140.97000122070312,142.6999969482422,70207900
2022-06-28,134.6191864013672,137.44000244140625,143.4199981689453,137.32000732421875,142.1300048828125,67083400
2022-06-29,136.3724365234375,139.22999572753906,140.6699981689453,136.6699981689453,137.4600067138672,66242400
2022-06-30,133.91397094726562,136.72000122070312,138.3699951171875,133.77000427246094,137.25,98964500
2022-07-01,136.07861328125,138.92999267578125,139.0399932861328,135.66000366210938,136.0399932861328,71051600
2022-07-05,138.65463256835938,141.55999755859375,141.61000061035156,136.92999267578125,137.77000427246094,73353800
2022-07-06,139.98672485351562,142.9199981689453,144.1199951171875,141.0800018310547,141.35000610351562,74064300
2022-07-07,143.34637451171875,146.35000610351562,146.5500030517578,143.27999877929688,143.2899932861328,66253700
2022-07-08,144.02218627929688,147.0399932861328,147.5500030517578,145.0,145.25999450683594,64547800
2022-07-11,141.89674377441406,144.8699951171875,146.63999938964844,143.77999877929688,145.6699981689453,63141600
2022-07-12,142.8663787841797,145.86000061035156,148.4499969482422,145.0500030517578,145.75999450683594,77588800
2022-07-13,142.50399780273438,145.49000549316406,146.4499969482422,142.1199951171875,142.99000549316406,71185600
2022-07-14,145.4228057861328,148.47000122070312,148.9499969482422,143.25,144.0800018310547,78140700
2022-07-15,147.0879364013672,150.1699981689453,150.86000061035156,148.1999969482422,149.77999877929688,76259900
2022-07-18,144.05154418945312,147.07000732421875,151.57000732421875,146.6999969482422,150.74000549316406,81420900
2022-07-19,147.90090942382812,151.0,151.22999572753906,146.91000366210938,147.9199981689453,82982400
2022-07-20,149.89906311035156,153.0399932861328,153.72000122070312,150.3699951171875,151.1199951171875,64823400
2022-07-21,152.16160583496094,155.35000610351562,155.57000732421875,151.94000244140625,154.5,65086600
2022-07-22,150.92747497558594,154.08999633789062,156.27999877929688,153.41000366210938,155.38999938964844,66675400
2022-07-25,149.81088256835938,152.9499969482422,155.0399932861328,152.27999877929688,154.00999450683594,53623900
2022-07-26,148.4886016845703,151.60000610351562,153.08999633789062,150.8000030517578,152.25999450683594,55138700
2022-07-27,153.57208251953125,156.7899932861328,157.3300018310547,152.16000366210938,152.5800018310547,78620700
2022-07-28,154.12059020996094,157.35000610351562,157.63999938964844,154.41000366210938,156.97999572753906,81378700
2022-07-29,159.1746368408203,162.50999450683594,163.6300048828125,159.5,161.24000549316406,101786900
2022-08-01,158.19517517089844,161.50999450683594,163.58999633789062,160.88999938964844,161.00999450683594,67829400
2022-08-02,156.7259979248047,160.00999450683594,162.41000366210938,159.6300048828125,160.10000610351562,59907000
2022-08-03,162.72035217285156,166.1300048828125,166.58999633789062,160.75,160.83999633789062,82507500
2022-08-04,162.40695190429688,165.80999755859375,167.19000244140625,164.42999267578125,166.00999450683594,55474100
2022-08-05,162.18133544921875,165.35000610351562,165.85000610351562,163.0,163.2100067138672,56697000
2022-08-08,161.71054077148438,164.8699951171875,167.80999755859375,164.1999969482422,166.3699951171875,60276900
2022-08-09,161.7595977783203,164.9199981689453,165.82000732421875,163.25,164.02000427246094,63135500
2022-08-10,165.9967803955078,169.24000549316406,169.33999633789062,166.89999389648438,167.67999267578125,70170500
2022-08-11,165.2611846923828,168.49000549316406,170.99000549316406,168.19000244140625,170.05999755859375,57149200
2022-08-12,168.80198669433594,172.10000610351562,172.1699981689453,169.39999389648438,169.82000732421875,68039400
2022-08-15,169.87115478515625,173.19000244140625,173.38999938964844,171.35000610351562,171.52000427246094,54091700
2022-08-16,169.71417236328125,173.02999877929688,173.7100067138672,171.66000366210938,172.77999877929688,56377100
2022-08-17,171.2050323486328,174.5500030517578,176.14999389648438,172.57000732421875,172.77000427246094,79542000
2022-08-18,170.81272888183594,174.14999389648438,174.89999389648438,173.1199951171875,173.75,62290100
2022-08-19,168.23313903808594,171.52000427246094,173.74000549316406,171.30999755859375,173.02999877929688,70346300
2022-08-22,164.35882568359375,167.57000732421875,169.86000061035156,167.13999938964844,169.69000244140625,69026800
2022-08-23,164.0253448486328,167.22999572753906,168.7100067138672,166.64999389648438,167.0800018310547,54147100
2022-08-24,164.319580078125,167.52999877929688,168.11000061035156,166.25,167.32000732421875,53841500
2022-08-25,166.77166748046875,170.02999877929688,170.13999938964844,168.35000610351562,168.77999877929688,51218200
2022-08-26,160.4844512939453,163.6199951171875,171.0500030517578,163.55999755859375,170.57000732421875,78961000
2022-08-29,158.2874298095703,161.3800048828125,162.89999389648438,159.82000732421875,161.14999389648438,73314000
2022-08-30,155.8647918701172,158.91000366210938,162.55999755859375,157.72000122070312,162.1300048828125,77906200
2022-08-31,154.2071075439453,157.22000122070312,160.5800018310547,157.13999938964844,160.30999755859375,87991100
2022-09-01,154.93296813964844,157.9600067138672,158.4199981689453,154.6699981689453,156.63999938964844,74229900
2022-09-02,152.82415771484375,155.80999755859375,160.36000061035156,154.97000122070312,159.75,76957800
2022-09-06,151.56869506835938,154.52999877929688,157.08999633789062,153.69000244140625,156.47000122070312,73714800
2022-09-07,152.9713134765625,155.9600067138672,156.6699981689453,153.61000061035156,154.82000732421875,87449600
2022-09-08,151.50006103515625,154.4600067138672,156.36000061035156,152.67999267578125,154.63999938964844,84923800
2022-09-09,154.35426330566406,157.3699951171875,157.82000732421875,154.75,155.47000122070312,68028800
2022-09-12,160.2981414794922,163.42999267578125,164.25999450683594,159.3000030517578,159.58999633789062,104956000
2022-09-13,150.8919219970703,153.83999633789062,160.5399932861328,153.3699951171875,159.89999389648438,122656600
2022-09-14,152.333740234375,155.30999755859375,157.10000610351562,153.61000061035156,154.7899932861328,87965400
2022-09-15,149.45004272460938,152.3699951171875,155.24000549316406,151.3800048828125,154.64999389648438,90481100
2022-09-16,147.81207275390625,150.6999969482422,151.35000610351562,148.3699951171875,151.2100067138672,162278800
2022-09-19,151.51962280273438,154.47999572753906,154.55999755859375,149.10000610351562,149.30999755859375,81474200
2022-09-20,153.89328002929688,156.89999389648438,158.0800018310547,153.0800018310547,153.39999389648438,107689800
2022-09-21,150.7742156982422,153.72000122070312,158.74000549316406,153.60000610351562,157.33999633789062,101696800
2022-09-22,149.81298828125,152.74000549316406,154.47000122070312,150.91000366210938,152.3800048828125,86652500
2022-09-23,147.54727172851562,150.42999267578125,151.47000122070312,148.55999755859375,151.19000244140625,96029900
2022-09-26,147.88076782226562,150.77000427246094,153.77000427246094,149.63999938964844,149.66000366210938,93339400
2022-09-27,148.85177612304688,151.75999450683594,154.72000122070312,149.9499969482422,152.74000549316406,84442700
2022-09-28,146.96856689453125,149.83999633789062,150.63999938964844,144.83999633789062,147.63999938964844,146691400
2022-09-29,139.74960327148438,142.47999572753906,146.72000122070312,140.67999267578125,146.10000610351562,128138200
2022-09-30,135.5515899658203,138.1999969482422,143.10000610351562,138.0,141.27999877929688,124925300
2022-10-03,139.72019958496094,142.4499969482422,143.07000732421875,137.69000244140625,138.2100067138672,114311700
2022-10-04,143.30026245117188,146.10000610351562,146.22000122070312,144.25999450683594,145.02999877929688,87830100
2022-10-05,143.59446716308594,146.39999389648438,147.3800048828125,143.00999450683594,144.07000732421875,79471000
2022-10-06,142.64308166503906,145.42999267578125,147.5399932861328,145.22000122070312,145.80999755859375,68402200
2022-10-07,137.4054412841797,140.08999633789062,143.10000610351562,139.4499969482422,142.5399932861328,85925600
2022-10-10,137.7290802001953,140.4199981689453,141.88999938964844,138.57000732421875,140.4199981689453,74899000
2022-10-11,136.31668090820312,138.97999572753906,141.35000610351562,138.22000122070312,139.89999389648438,77033700
2022-10-12,135.68894958496094,138.33999633789062,140.36000061035156,138.16000366210938,139.1300048828125,70433700
2022-10-13,140.2498779296875,142.99000549316406,143.58999633789062,134.3699951171875,134.99000549316406,113224000
2022-10-14,135.72816467285156,138.3800048828125,144.52000427246094,138.19000244140625,144.30999755859375,88598000
2022-10-17,139.6809539794922,142.41000366210938,142.89999389648438,140.27000427246094,141.07000732421875,85250900
2022-10-18,140.9952850341797,143.75,146.6999969482422,140.61000061035156,145.49000549316406,99136600
2022-10-19,141.1031494140625,143.86000061035156,144.9499969482422,141.5,141.69000244140625,61758300
2022-10-20,140.6421661376953,143.38999938964844,145.88999938964844,142.64999389648438,143.02000427246094,64522000
2022-10-21,144.4478302001953,147.27000427246094,147.85000610351562,142.64999389648438,142.8699951171875,86548600
2022-10-24,146.58604431152344,149.4499969482422,150.22999572753906,146.0,147.19000244140625,75981900
2022-10-25,149.42066955566406,152.33999633789062,152.49000549316406,149.36000061035156,150.08999633789062,74732300
2022-10-26,146.4879608154297,149.35000610351562,151.99000549316406,148.0399932861328,150.9600067138672,88194300
2022-10-27,142.02516174316406,144.8000030517578,149.0500030517578,144.1300048828125,148.07000732421875,109180200
2022-10-28,152.75552368164062,155.74000549316406,157.5,147.82000732421875,148.1999969482422,164762400
2022-10-31,150.40150451660156,153.33999633789062,154.24000549316406,151.9199981689453,153.16000366210938,97943200
2022-11-01,147.76304626464844,150.64999389648438,155.4499969482422,149.1300048828125,155.0800018310547,80379300
2022-11-02,142.25074768066406,145.02999877929688,152.1699981689453,145.0,148.9499969482422,93604600
2022-11-03,136.2185821533203,138.8800048828125,142.8000030517578,138.75,142.05999755859375,97918500
2022-11-04,135.95333862304688,138.3800048828125,142.6699981689453,134.3800048828125,142.08999633789062,140814800
2022-11-07,136.48385620117188,138.9199981689453,139.14999389648438,135.6699981689453,137.11000061035156,83374600
2022-11-08,137.05368041992188,139.5,141.42999267578125,137.49000549316406,140.41000366210938,89908500
2022-11-09,132.50486755371094,134.8699951171875,138.5500030517578,134.58999633789062,138.5,74917800
2022-11-10,144.29444885253906,146.8699951171875,146.8699951171875,139.5,141.24000549316406,118854000
2022-11-11,147.0748291015625,149.6999969482422,150.00999450683594,144.3699951171875,145.82000732421875,93979700
2022-11-14,145.6796875,148.27999877929688,150.27999877929688,147.42999267578125,148.97000122070312,73374100
2022-11-15,147.40884399414062,150.0399932861328,153.58999633789062,148.55999755859375,152.22000122070312,89868300
2022-11-16,146.18077087402344,148.7899932861328,149.8699951171875,147.2899932861328,149.1300048828125,64218300
2022-11-17,148.0769500732422,150.72000122070312,151.47999572753906,146.14999389648438,146.42999267578125,80389400
2022-11-18,148.63694763183594,151.2899932861328,152.6999969482422,149.97000122070312,152.30999755859375,74829600
2022-11-21,145.41445922851562,148.00999450683594,150.3699951171875,147.72000122070312,150.16000366210938,58724100
2022-11-22,147.54641723632812,150.17999267578125,150.4199981689453,146.92999267578125,148.1300048828125,51804100
2022-11-23,148.4208526611328,151.07000732421875,151.8300018310547,149.33999633789062,149.4499969482422,58301400
2022-11-25,145.5126953125,148.11000061035156,148.8800048828125,147.1199951171875,148.30999755859375,35195900
2022-11-28,141.69093322753906,144.22000122070312,146.63999938964844,143.3800048828125,145.13999938964844,69246000
2022-11-29,138.69444274902344,141.1699981689453,144.80999755859375,140.35000610351562,144.2899932861328,83763800
2022-11-30,145.43411254882812,148.02999877929688,148.72000122070312,140.5500030517578,141.39999389648438,111380900
2022-12-01,145.70919799804688,148.30999755859375,149.1300048828125,146.61000061035156,148.2100067138672,71250400
2022-12-02,145.2179718017578,147.80999755859375,148.0,145.64999389648438,145.9600067138672,65447400
2022-12-05,144.05865478515625,146.6300048828125,150.9199981689453,145.77000427246094,147.77000427246094,68826400
2022-12-06,140.4038848876953,142.91000366210938,147.3000030517578,141.9199981689453,147.07000732421875,64727200
2022-12-07,138.4684600830078,140.94000244140625,143.3699951171875,140.0,142.19000244140625,69721100
2022-12-08,140.14846801757812,142.64999389648438,143.52000427246094,141.10000610351562,142.36000061035156,62128300
2022-12-09,139.6670684814453,142.16000366210938,145.57000732421875,140.89999389648438,142.33999633789062,76097000
2022-12-12,141.95616149902344,144.49000549316406,144.5,141.05999755859375,142.6999969482422,70462700
2022-12-13,142.91900634765625,145.47000122070312,149.97000122070312,144.24000549316406,149.5,93886200
2022-12-14,140.69866943359375,143.2100067138672,146.66000366210938,141.16000366210938,145.35000610351562,82291200
2022-12-15,134.1063232421875,136.5,141.8000030517578,136.02999877929688,141.11000061035156,98931900
2022-12-16,132.1511993408203,134.50999450683594,137.64999389648438,133.72999572753906,136.69000244140625,160156900
2022-12-19,130.0487060546875,132.3699951171875,135.1999969482422,131.32000732421875,135.11000061035156,79592600
2022-12-20,129.9799346923828,132.3000030517578,133.25,129.88999938964844,131.38999938964844,77432800
2022-12-21,133.07469177246094,135.4499969482422,136.80999755859375,132.75,132.97999572753906,85928000
2022-12-22,129.9111785888672,132.22999572753906,134.55999755859375,130.3000030517578,134.35000610351562,77852100
2022-12-23,129.54766845703125,131.86000061035156,132.4199981689453,129.63999938964844,130.9199981689453,63814900
2022-12-27,127.74976348876953,130.02999877929688,131.41000366210938,128.72000122070312,131.3800048828125,69007800
2022-12-28,123.82972717285156,126.04000091552734,131.02999877929688,125.87000274658203,129.6699981689453,85438400
2022-12-29,127.3371353149414,129.61000061035156,130.47999572753906,127.7300033569336,127.98999786376953,75703700
2022-12-30,127.6515121459961,129.92999267578125,129.9499969482422,127.43000030517578,128.41000366210938,77034200
2023-01-03,122.87676239013672,125.06999969482422,130.89999389648438,124.16999816894531,130.27999877929688,112117500
2023-01-04,124.14411926269531,126.36000061035156,128.66000366210938,125.08000183105469,126.88999938964844,89113600
2023-01-05,122.82762145996094,125.0199966430664,127.7699966430664,124.76000213623047,127.12999725341797,80962700
2023-01-06,127.34696197509766,129.6199951171875,130.2899932861328,124.88999938964844,126.01000213623047,87754700
2023-01-09,127.8676528930664,130.14999389648438,133.41000366210938,129.88999938964844,130.47000122070312,70790800
2023-01-10,128.43753051757812,130.72999572753906,131.25999450683594,128.1199951171875,130.25999450683594,63896200
2023-01-11,131.1490936279297,133.49000549316406,133.50999450683594,130.4600067138672,131.25,69458900
2023-01-12,131.07049560546875,133.41000366210938,134.25999450683594,131.44000244140625,133.8800048828125,71379600
2023-01-13,132.3968048095703,134.75999450683594,134.9199981689453,131.66000366210938,132.02999877929688,57809700
2023-01-17,133.55613708496094,135.94000244140625,137.2899932861328,134.1300048828125,134.8300018310547,63646600
2023-01-18,132.83892822265625,135.2100067138672,138.61000061035156,135.02999877929688,136.82000732421875,69672800
2023-01-19,132.89785766601562,135.27000427246094,136.25,133.77000427246094,134.0800018310547,58280400
2023-01-20,135.45225524902344,137.8699951171875,138.02000427246094,134.22000122070312,135.27999877929688,80223600
2023-01-23,138.63548278808594,141.11000061035156,143.32000732421875,137.89999389648438,138.1199951171875,81760300
2023-01-24,140.0305938720703,142.52999877929688,143.16000366210938,140.3000030517578,140.30999755859375,66435100
2023-01-25,139.37229919433594,141.86000061035156,142.42999267578125,138.80999755859375,140.88999938964844,65799300
2023-01-26,141.4355010986328,143.9600067138672,144.25,141.89999389648438,143.1699981689453,54105100
2023-01-27,143.3709259033203,145.92999267578125,147.22999572753906,143.0800018310547,143.16000366210938,70555800
2023-01-30,140.4923095703125,143.0,145.5500030517578,142.85000610351562,144.9600067138672,64015300
2023-01-31,141.75970458984375,144.2899932861328,144.33999633789062,142.27999877929688,142.6999969482422,65874500
2023-02-01,142.8796844482422,145.42999267578125,146.61000061035156,141.32000732421875,143.97000122070312,77663600
2023-02-02,148.17518615722656,150.82000732421875,151.17999267578125,148.1699981689453,148.89999389648438,118339000
2023-02-03,151.7906951904297,154.5,157.3800048828125,147.8300018310547,148.02999877929688,154357300
2023-02-06,149.06919860839844,151.72999572753906,153.10000610351562,150.77999877929688,152.57000732421875,69858300
2023-02-07,151.9380340576172,154.64999389648438,155.22999572753906,150.63999938964844,150.63999938964844,83322600
2023-02-08,149.25592041015625,151.9199981689453,154.5800018310547,151.1699981689453,153.8800048828125,64120100
2023-02-09,148.2243194580078,150.8699951171875,154.3300018310547,150.4199981689453,153.77999877929688,56007100
2023-02-10,148.58837890625,151.00999450683594,151.33999633789062,149.22000122070312,149.4600067138672,57450700
2023-02-13,151.3828582763672,153.85000610351562,154.25999450683594,150.9199981689453,150.9499969482422,62199000
2023-02-14,150.74325561523438,153.1999969482422,153.77000427246094,150.86000061035156,152.1199951171875,61707600
2023-02-15,152.8390655517578,155.3300018310547,155.5,152.8800048828125,153.11000061035156,65573800
2023-02-16,151.2450714111328,153.7100067138672,156.3300018310547,153.35000610351562,153.50999450683594,68167900
2023-02-17,150.10366821289062,152.5500030517578,153.0,150.85000610351562,152.35000610351562,59144100
2023-02-21,146.09893798828125,148.47999572753906,151.3000030517578,148.41000366210938,150.1999969482422,58867200
2023-02-22,146.52206420898438,148.91000366210938,149.9499969482422,147.16000366210938,148.8699951171875,51011300
2023-02-23,147.0041961669922,149.39999389648438,150.33999633789062,147.24000549316406,150.08999633789062,48394200
2023-02-24,144.35733032226562,146.7100067138672,147.19000244140625,145.72000122070312,147.11000061035156,55469600
2023-02-27,145.5478973388672,147.9199981689453,149.1699981689453,147.4499969482422,147.7100067138672,44998500
2023-02-28,145.04611206054688,147.41000366210938,149.0800018310547,146.8300018310547,147.0500030517578,50547000
2023-03-01,142.97976684570312,145.30999755859375,147.22999572753906,145.00999450683594,146.8300018310547,55479000
2023-03-02,143.57017517089844,145.91000366210938,146.7100067138672,143.89999389648438,144.3800048828125,52238100
2023-03-03,148.60806274414062,151.02999877929688,151.11000061035156,147.3300018310547,148.0399932861328,70732300
2023-03-06,151.36314392089844,153.8300018310547,156.3000030517578,153.4600067138672,153.7899932861328,87558000
2023-03-07,149.1689453125,151.60000610351562,154.02999877929688,151.1300048828125,153.6999969482422,56182000
2023-03-08,150.41851806640625,152.8699951171875,153.47000122070312,151.8300018310547,152.80999755859375,47204800
2023-03-09,148.17510986328125,150.58999633789062,154.5399932861328,150.22999572753906,153.55999755859375,53833600
2023-03-10,146.11863708496094,148.5,150.94000244140625,147.61000061035156,150.2100067138672,68572400
2023-03-13,148.05703735351562,150.47000122070312,153.13999938964844,147.6999969482422,147.80999755859375,84457100
2023-03-14,150.1430206298828,152.58999633789062,153.39999389648438,150.10000610351562,151.27999877929688,73695900
2023-03-15,150.53665161132812,152.99000549316406,153.25,149.9199981689453,151.19000244140625,77167900
2023-03-16,153.35076904296875,155.85000610351562,156.4600067138672,151.63999938964844,152.16000366210938,76161100
2023-03-17,152.51438903808594,155.0,156.74000549316406,154.27999877929688,156.0800018310547,98944600
2023-03-20,154.87588500976562,157.39999389648438,157.82000732421875,154.14999389648438,155.07000732421875,73641400
2023-03-21,156.72573852539062,159.27999877929688,159.39999389648438,156.5399932861328,157.32000732421875,73938300
2023-03-22,155.2989959716797,157.8300018310547,162.13999938964844,157.80999755859375,159.3000030517578,75701800
2023-03-23,156.38134765625,158.92999267578125,161.5500030517578,157.67999267578125,158.8300018310547,67622100
2023-03-24,157.68017578125,160.25,160.33999633789062,157.85000610351562,158.86000061035156,59196500
2023-03-27,155.7417755126953,158.27999877929688,160.77000427246094,157.8699951171875,159.94000244140625,52390300
2023-03-28,155.12185668945312,157.64999389648438,158.49000549316406,155.97999572753906,157.97000122070312,45992200
2023-03-29,158.19186401367188,160.77000427246094,161.0500030517578,159.35000610351562,159.3699951171875,51305700
2023-03-30,159.75636291503906,162.36000061035156,162.47000122070312,161.27000427246094,161.52999877929688,49501700
2023-03-31,162.25563049316406,164.89999389648438,165.0,161.91000366210938,162.44000244140625,68749800
2023-04-03,163.5052490234375,166.1699981689453,166.2899932861328,164.22000122070312,164.27000427246094,56976200
2023-04-04,162.97390747070312,165.6300048828125,166.83999633789062,165.11000061035156,166.60000610351562,46278300
2023-04-05,161.13388061523438,163.75999450683594,165.0500030517578,161.8000030517578,164.74000549316406,51511700
2023-04-06,162.01950073242188,164.66000366210938,164.9600067138672,162.0,162.42999267578125,45390100
2023-04-10,159.43167114257812,162.02999877929688,162.02999877929688,160.0800018310547,161.4199981689453,47716900
2023-04-11,158.2213897705078,160.8000030517578,162.36000061035156,160.50999450683594,162.35000610351562,47644200
2023-04-12,157.53256225585938,160.10000610351562,162.05999755859375,159.77999877929688,161.22000122070312,50133100
2023-04-13,162.90504455566406,165.55999755859375,165.8000030517578,161.4199981689453,161.6300048828125,68445600
2023-04-14,162.56065368652344,165.2100067138672,166.32000732421875,163.82000732421875,164.58999633789062,49386500
2023-04-17,162.58035278320312,165.22999572753906,165.38999938964844,164.02999877929688,165.08999633789062,41516200
2023-04-18,163.8004608154297,166.47000122070312,167.41000366210938,165.64999389648438,166.10000610351562,49923000
2023-04-19,164.94186401367188,167.6300048828125,168.16000366210938,165.5399932861328,165.8000030517578,47720200
2023-04-20,163.9775848388672,166.64999389648438,167.8699951171875,165.55999755859375,166.08999633789062,52456400
2023-04-21,162.3737030029297,165.02000427246094,166.4499969482422,164.49000549316406,165.0500030517578,58337300
2023-04-24,162.6787109375,165.3300018310547,165.60000610351562,163.88999938964844,165.0,41949600
2023-04-25,161.14376831054688,163.77000427246094,166.30999755859375,163.72999572753906,165.19000244140625,48714100
2023-04-26,161.13388061523438,163.75999450683594,165.27999877929688,162.8000030517578,163.05999755859375,45498800
2023-04-27,165.70936584472656,168.41000366210938,168.55999755859375,165.19000244140625,165.19000244140625,64902300
2023-04-28,166.958984375,169.67999267578125,169.85000610351562,167.8800048828125,168.49000549316406,55275900
2023-05-01,166.87042236328125,169.58999633789062,170.4499969482422,168.63999938964844,169.27999877929688,52472900
2023-05-02,165.8372802734375,168.5399932861328,170.35000610351562,167.5399932861328,170.08999633789062,48425700
2023-05-03,164.76473999023438,167.4499969482422,170.9199981689453,167.16000366210938,169.5,65136000
2023-05-04,163.13134765625,165.7899932861328,167.0399932861328,164.30999755859375,164.88999938964844,81235400
2023-05-05,170.78659057617188,173.57000732421875,174.3000030517578,170.75999450683594,170.97999572753906,113453200
2023-05-08,170.7177276611328,173.5,173.85000610351562,172.11000061035156,172.47999572753906,55962800
2023-05-09,169.0154571533203,171.77000427246094,173.5399932861328,171.60000610351562,173.0500030517578,45326900
2023-05-10,170.7767333984375,173.55999755859375,174.02999877929688,171.89999389648438,173.02000427246094,53724500
2023-05-11,170.96368408203125,173.75,174.58999633789062,172.1699981689453,173.85000610351562,49514700
2023-05-12,170.0375213623047,172.57000732421875,174.05999755859375,171.0,173.6199951171875,45533100
2023-05-15,169.5448455810547,172.07000732421875,173.2100067138672,171.47000122070312,173.16000366210938,37266700
2023-05-16,169.5448455810547,172.07000732421875,173.13999938964844,171.8000030517578,171.99000549316406,42110300
2023-05-17,170.15574645996094,172.69000244140625,172.92999267578125,170.4199981689453,171.7100067138672,57951600
2023-05-18,172.48114013671875,175.0500030517578,175.24000549316406,172.5800018310547,173.0,65496700
2023-05-19,172.5894775390625,175.16000366210938,176.38999938964844,174.94000244140625,176.38999938964844,55809500
2023-05-22,171.64356994628906,174.1999969482422,174.7100067138672,173.4499969482422,173.97999572753906,43570900
2023-05-23,169.04229736328125,171.55999755859375,173.3800048828125,171.27999877929688,173.1300048828125,50747300
2023-05-24,169.31822204589844,171.83999633789062,172.4199981689453,170.52000427246094,171.08999633789062,45143500
2023-05-25,170.4513397216797,172.99000549316406,173.89999389648438,171.69000244140625,172.41000366210938,56058300
2023-05-26,172.8555145263672,175.42999267578125,175.77000427246094,173.11000061035156,173.32000732421875,54835000
2023-05-30,174.69808959960938,177.3000030517578,178.99000549316406,176.57000732421875,176.9600067138672,55964400
2023-05-31,174.64883422851562,177.25,179.35000610351562,176.75999450683594,177.3300018310547,99625300
2023-06-01,177.44711303710938,180.08999633789062,180.1199951171875,176.92999267578125,177.6999969482422,68901800
2023-06-02,178.29452514648438,180.9499969482422,181.77999877929688,179.25999450683594,181.02999877929688,61996900
2023-06-05,176.9446258544922,179.5800018310547,184.9499969482422,178.0399932861328,182.6300048828125,121946500
2023-06-06,176.580078125,179.2100067138672,180.1199951171875,177.42999267578125,179.97000122070312,64848400
2023-06-07,175.21044921875,177.82000732421875,181.2100067138672,177.32000732421875,178.44000244140625,61944600
2023-06-08,177.92010498046875,180.57000732421875,180.83999633789062,177.4600067138672,177.89999389648438,50214900
2023-06-09,178.30438232421875,180.9600067138672,182.22999572753906,180.6300048828125,181.5,48900000
2023-06-12,181.09283447265625,183.7899932861328,183.88999938964844,180.97000122070312,181.27000427246094,54274900
2023-06-13,180.61988830566406,183.30999755859375,184.14999389648438,182.44000244140625,182.8000030517578,54929100
2023-06-14,181.25048828125,183.9499969482422,184.38999938964844,182.02000427246094,183.3699951171875,57462900
2023-06-15,183.28024291992188,186.00999450683594,186.52000427246094,183.77999877929688,183.9600067138672,65433200
2023-06-16,182.20628356933594,184.9199981689453,186.99000549316406,184.27000427246094,186.72999572753906,101256200
2023-06-20,182.29493713378906,185.00999450683594,186.10000610351562,184.41000366210938,184.41000366210938,49799100
2023-06-21,181.2603759765625,183.9600067138672,185.41000366210938,182.58999633789062,184.89999389648438,49515700
2023-06-22,184.2557373046875,187.0,187.0500030517578,183.6699981689453,183.74000549316406,51245300
2023-06-23,183.94044494628906,186.67999267578125,187.55999755859375,185.00999450683594,185.5500030517578,53117000
2023-06-26,182.5511474609375,185.27000427246094,188.0500030517578,185.22999572753906,186.8300018310547,48088700
2023-06-27,185.30018615722656,188.05999755859375,188.38999938964844,185.6699981689453,185.88999938964844,50730800
2023-06-28,186.4727020263672,189.25,189.89999389648438,187.60000610351562,187.92999267578125,51216800
2023-06-29,186.80775451660156,189.58999633789062,190.07000732421875,188.94000244140625,189.0800018310547,46347300
2023-06-30,191.12342834472656,193.97000122070312,194.47999572753906,191.25999450683594,191.6300048828125,85213200
2023-07-03,189.63565063476562,192.4600067138672,193.8800048828125,191.75999450683594,193.77999877929688,31458200
2023-07-05,188.52218627929688,191.3300018310547,192.97999572753906,190.6199951171875,191.57000732421875,46920300
2023-07-06,188.9951171875,191.80999755859375,192.02000427246094,189.1999969482422,189.83999633789062,45094300
2023-07-07,187.88174438476562,190.67999267578125,192.6699981689453,190.24000549316406,191.41000366210938,46815000
2023-07-10,185.84210205078125,188.61000061035156,189.99000549316406,187.0399932861328,189.25999450683594,59922200
2023-07-11,185.3199005126953,188.0800018310547,189.3000030517578,186.60000610351562,189.16000366210938,46638100
2023-07-12,186.98509216308594,189.77000427246094,191.6999969482422,188.47000122070312,189.67999267578125,60750200
2023-07-13,187.74378967285156,190.5399932861328,191.19000244140625,189.77999877929688,190.5,41342300
2023-07-14,187.89157104492188,190.69000244140625,191.17999267578125,189.6300048828125,190.22999572753906,41616200
2023-07-17,191.1431427001953,193.99000549316406,194.32000732421875,191.80999755859375,191.89999389648438,50520200
2023-07-18,190.88697814941406,193.72999572753906,194.3300018310547,192.4199981689453,193.35000610351562,48288200
2023-07-19,192.2368927001953,195.10000610351562,198.22999572753906,192.64999389648438,193.10000610351562,80507300
2023-07-20,190.2957763671875,193.1300048828125,196.47000122070312,192.5,195.08999633789062,59581200
2023-07-21,189.12322998046875,191.94000244140625,194.97000122070312,191.22999572753906,194.10000610351562,71951700
2023-07-24,189.9213409423828,192.75,194.91000366210938,192.25,193.41000366210938,45377800
2023-07-25,190.778564453125,193.6199951171875,194.44000244140625,192.9199981689453,193.3300018310547,37283200
2023-07-26,191.64569091796875,194.5,195.63999938964844,193.32000732421875,193.6699981689453,47471900
2023-07-27,190.3844451904297,193.22000122070312,197.1999969482422,192.5500030517578,196.02000427246094,47460200
2023-07-28,192.95614624023438,195.8300018310547,196.6300048828125,194.13999938964844,194.6699981689453,48291400
2023-07-31,193.5670623779297,196.4499969482422,196.49000549316406,195.25999450683594,196.05999755859375,38824100
2023-08-01,192.73939514160156,195.61000061035156,196.72999572753906,195.27999877929688,196.24000549316406,35175100
2023-08-02,189.7538604736328,192.5800018310547,195.17999267578125,191.85000610351562,195.0399932861328,50389300
2023-08-03,188.36451721191406,191.1699981689453,192.3699951171875,190.69000244140625,191.57000732421875,61235200
2023-08-04,179.31927490234375,181.99000549316406,187.3800048828125,181.9199981689453,185.52000427246094,115956800
2023-08-07,176.22532653808594,178.85000610351562,183.1300048828125,177.35000610351562,182.1300048828125,97576100
2023-08-08,177.1614227294922,179.8000030517578,180.27000427246094,177.5800018310547,179.69000244140625,67823000
2023-08-09,175.5750274658203,178.19000244140625,180.92999267578125,177.00999450683594,180.8699951171875,60378500
2023-08-10,175.35826110839844,177.97000122070312,180.75,177.60000610351562,179.47999572753906,54686900
2023-08-11,175.41746520996094,177.7899932861328,178.6199951171875,176.5500030517578,177.32000732421875,52036700
2023-08-14,177.06517028808594,179.4600067138672,179.69000244140625,177.30999755859375,177.97000122070312,43675600
2023-08-15,175.08200073242188,177.4499969482422,179.47999572753906,177.0500030517578,178.8800048828125,43622600
2023-08-16,174.21372985839844,176.57000732421875,178.5399932861328,176.5,177.1300048828125,46964900
2023-08-17,171.67800903320312,174.0,177.50999450683594,173.47999572753906,177.13999938964844,66062900
2023-08-18,172.16148376464844,174.49000549316406,175.10000610351562,171.9600067138672,172.3000030517578,61172200
2023-08-21,173.4934539794922,175.83999633789062,176.1300048828125,173.74000549316406,175.07000732421875,46311900
2023-08-22,174.8649139404297,177.22999572753906,177.67999267578125,176.25,177.05999755859375,42038900
2023-08-23,178.70301818847656,181.1199951171875,181.5500030517578,178.3300018310547,178.52000427246094,52722800
2023-08-24,174.0262908935547,176.3800048828125,181.10000610351562,176.00999450683594,180.6699981689453,54945800
2023-08-25,176.22650146484375,178.61000061035156,179.14999389648438,175.82000732421875,177.3800048828125,51449600
2023-08-28,177.78543090820312,180.19000244140625,180.58999633789062,178.5500030517578,180.08999633789062,43820700
2023-08-29,181.6629638671875,184.1199951171875,184.89999389648438,179.5,179.6999969482422,53003900
2023-08-30,185.14590454101562,187.64999389648438,187.85000610351562,184.74000549316406,184.94000244140625,60813900
2023-08-31,185.3629150390625,187.8699951171875,189.1199951171875,187.47999572753906,187.83999633789062,60794500
2023-09-01,186.93173217773438,189.4600067138672,189.9199981689453,188.27999877929688,189.49000549316406,45766500
2023-09-05,187.16851806640625,189.6999969482422,189.97999572753906,187.61000061035156,188.27999877929688,45280000
2023-09-06,180.46914672851562,182.91000366210938,188.85000610351562,181.47000122070312,188.39999389648438,81755800
2023-09-07,175.19053649902344,177.55999755859375,178.2100067138672,173.5399932861328,175.17999267578125,112488800
2023-09-08,175.80224609375,178.17999267578125,180.24000549316406,177.7899932861328,178.35000610351562,65551300
2023-09-11,176.96652221679688,179.36000061035156,180.3000030517578,177.33999633789062,180.07000732421875,58953100
2023-09-12,173.94735717773438,176.3000030517578,180.1300048828125,174.82000732421875,179.49000549316406,90370200
2023-09-13,171.88523864746094,174.2100067138672,177.3000030517578,173.97999572753906,176.50999450683594,84267900
2023-09-14,173.3948211669922,175.74000549316406,176.10000610351562,173.5800018310547,174.0,60895800
2023-09-15,172.67457580566406,175.00999450683594,176.5,173.82000732421875,176.47999572753906,109259500
2023-09-18,175.59506225585938,177.97000122070312,179.3800048828125,176.1699981689453,176.47999572753906,67257600
2023-09-19,176.68038940429688,179.07000732421875,179.6300048828125,177.1300048828125,177.52000427246094,51826900
2023-09-20,173.14813232421875,175.49000549316406,179.6999969482422,175.39999389648438,179.25999450683594,58436200
2023-09-21,171.6089324951172,173.92999267578125,176.3000030517578,173.86000061035156,174.5500030517578,63149100
2023-09-22,172.45748901367188,174.7899932861328,177.0800018310547,174.0500030517578,174.6699981689453,56725400
2023-09-25,173.7302703857422,176.0800018310547,176.97000122070312,174.14999389648438,174.1999969482422,46172700
2023-09-26,169.66526794433594,171.9600067138672,175.1999969482422,171.66000366210938,174.82000732421875,64588900
2023-09-27,168.1556854248047,170.42999267578125,173.0399932861328,169.0500030517578,172.6199951171875,66921800
2023-09-28,168.41220092773438,170.69000244140625,172.02999877929688,167.6199951171875,169.33999633789062,56294400
2023-09-29,168.92527770996094,171.2100067138672,173.07000732421875,170.33999633789062,172.02000427246094,51861100
2023-10-02,171.4313507080078,173.75,174.3000030517578,170.92999267578125,171.22000122070312,52164500
2023-10-03,170.09938049316406,172.39999389648438,173.6300048828125,170.82000732421875,172.25999450683594,49594600
2023-10-04,171.34259033203125,173.66000366210938,174.2100067138672,170.97000122070312,171.08999633789062,53020300
2023-10-05,172.57591247558594,174.91000366210938,175.4499969482422,172.67999267578125,173.7899932861328,48527900
2023-10-06,175.12147521972656,177.49000549316406,177.99000549316406,173.17999267578125,173.8000030517578,57266700
2023-10-09,176.6014404296875,178.99000549316406,179.0500030517578,175.8000030517578,176.80999755859375,42390800
2023-10-10,176.00946044921875,178.38999938964844,179.72000122070312,177.9499969482422,178.10000610351562,43698000
2023-10-11,177.40065002441406,179.8000030517578,179.85000610351562,177.60000610351562,178.1999969482422,47551100
2023-10-12,178.2985076904297,180.7100067138672,182.33999633789062,179.0399932861328,180.07000732421875,56743100
2023-10-13,176.46328735351562,178.85000610351562,181.92999267578125,178.13999938964844,181.4199981689453,51427100
2023-10-16,176.3350372314453,178.72000122070312,179.0800018310547,176.50999450683594,176.75,52517000
2023-10-17,174.7860107421875,177.14999389648438,178.4199981689453,174.8000030517578,176.64999389648438,57549400
2023-10-18,173.4934539794922,175.83999633789062,177.5800018310547,175.11000061035156,175.5800018310547,54764400
2023-10-19,173.11856079101562,175.4600067138672,177.83999633789062,175.19000244140625,176.0399932861328,59302900
2023-10-20,170.572998046875,172.8800048828125,175.4199981689453,172.63999938964844,175.30999755859375,64244000
2023-10-23,170.69137573242188,173.0,174.00999450683594,169.92999267578125,170.91000366210938,55980100
2023-10-24,171.1255340576172,173.44000244140625,173.6699981689453,171.4499969482422,173.0500030517578,43816600
2023-10-25,168.81674194335938,171.10000610351562,173.05999755859375,170.64999389648438,171.8800048828125,57157000
2023-10-26,164.66293334960938,166.88999938964844,171.3800048828125,165.6699981689453,170.3699951171875,70625300
2023-10-27,165.97515869140625,168.22000122070312,168.9600067138672,166.8300018310547,166.91000366210938,58499100
2023-10-30,168.0175323486328,170.2899932861328,171.1699981689453,168.8699951171875,169.02000427246094,51131000
2023-10-31,168.4911346435547,170.77000427246094,170.89999389648438,167.89999389648438,169.35000610351562,44846000
2023-11-01,171.64840698242188,173.97000122070312,174.22999572753906,170.1199951171875,171.0,56934900
2023-11-02,175.2003936767578,177.57000732421875,177.77999877929688,175.4600067138672,175.52000427246094,77334800
2023-11-03,174.29266357421875,176.64999389648438,176.82000732421875,173.35000610351562,174.24000549316406,79829200
2023-11-06,176.83824157714844,179.22999572753906,179.42999267578125,176.2100067138672,176.3800048828125,63841300
2023-11-07,179.39369201660156,181.82000732421875,182.44000244140625,178.97000122070312,179.17999267578125,70530000
2023-11-08,180.4494171142578,182.88999938964844,183.4499969482422,181.58999633789062,182.35000610351562,49340300
2023-11-09,179.975830078125,182.41000366210938,184.1199951171875,181.80999755859375,182.9600067138672,53763500
2023-11-10,184.15484619140625,186.39999389648438,186.57000732421875,183.52999877929688,183.97000122070312,66133400
2023-11-13,182.5741424560547,184.8000030517578,186.02999877929688,184.2100067138672,185.82000732421875,43627500
2023-11-14,185.18231201171875,187.44000244140625,188.11000061035156,186.3000030517578,187.6999969482422,60108400
2023-11-15,185.74545288085938,188.00999450683594,189.5,187.77999877929688,187.85000610351562,53790500
2023-11-16,187.4249725341797,189.7100067138672,190.9600067138672,188.64999389648438,189.57000732421875,54412900
2023-11-17,187.40525817871094,189.69000244140625,190.3800048828125,188.57000732421875,190.25,50922700
2023-11-20,189.1439971923828,191.4499969482422,191.91000366210938,189.8800048828125,189.88999938964844,46505100
2023-11-21,188.34376525878906,190.63999938964844,191.52000427246094,189.74000549316406,191.41000366210938,38134500
2023-11-22,189.00572204589844,191.30999755859375,192.92999267578125,190.8300018310547,191.49000549316406,39617700
2023-11-24,187.681884765625,189.97000122070312,190.89999389648438,189.25,190.8699951171875,24048300
2023-11-27,187.5040283203125,189.7899932861328,190.6699981689453,188.89999389648438,189.9199981689453,40552600
2023-11-28,188.10665893554688,190.39999389648438,191.0800018310547,189.39999389648438,189.77999877929688,38415400
2023-11-29,187.0890655517578,189.3699951171875,192.08999633789062,188.97000122070312,190.89999389648438,43014200
2023-11-30,187.66207885742188,189.9499969482422,190.32000732421875,188.19000244140625,189.83999633789062,48794400
2023-12-01,188.93655395507812,191.24000549316406,191.55999755859375,189.22999572753906,190.3300018310547,45704800
2023-12-04,187.14834594726562,189.42999267578125,190.0500030517578,187.4499969482422,189.97999572753906,43389500
2023-12-05,191.09031677246094,193.4199981689453,194.39999389648438,190.17999267578125,190.2100067138672,66628400
2023-12-06,190.00357055664062,192.32000732421875,194.75999450683594,192.11000061035156,194.4499969482422,41089700
2023-12-07,191.93006896972656,194.27000427246094,195.0,193.58999633789062,193.6300048828125,47477700
2023-12-08,193.35272216796875,195.7100067138672,195.99000549316406,193.6699981689453,194.1999969482422,53406400
2023-12-11,190.8531951904297,193.17999267578125,193.49000549316406,191.4199981689453,193.11000061035156,60943700
2023-12-12,192.36473083496094,194.7100067138672,194.72000122070312,191.72000122070312,193.0800018310547,52696900
2023-12-13,195.5756072998047,197.9600067138672,198.0,194.85000610351562,195.08999633789062,70404200
2023-12-14,195.72381591796875,198.11000061035156,199.6199951171875,196.16000366210938,198.02000427246094,66831600
2023-12-15,195.19033813476562,197.57000732421875,198.39999389648438,197.0,197.52999877929688,128538400
2023-12-18,193.53054809570312,195.88999938964844,196.6300048828125,194.38999938964844,196.08999633789062,55751900
2023-12-19,194.5679168701172,196.94000244140625,196.9499969482422,195.88999938964844,196.16000366210938,40714100
2023-12-20,192.4833221435547,194.8300018310547,197.67999267578125,194.8300018310547,196.89999389648438,52242800
2023-12-21,192.33511352539062,194.67999267578125,197.0800018310547,193.5,196.10000610351562,46482500
2023-12-22,191.26815795898438,193.60000610351562,195.41000366210938,192.97000122070312,195.17999267578125,37149600
2023-12-26,190.72476196289062,193.0500030517578,193.88999938964844,192.8300018310547,193.61000061035156,28919300
2023-12-27,190.82354736328125,193.14999389648438,193.5,191.08999633789062,192.49000549316406,48087700
2023-12-28,191.2483673095703,193.5800018310547,194.66000366210938,193.1699981689453,194.13999938964844,34049900
2023-12-29,190.21102905273438,192.52999877929688,194.39999389648438,191.72999572753906,193.89999389648438,42672100
2024-01-02,183.4040069580078,185.63999938964844,188.44000244140625,183.88999938964844,187.14999389648438,82488700
2024-01-03,182.03074645996094,184.25,185.8800048828125,183.42999267578125,184.22000122070312,58414500
2024-01-04,179.7189483642578,181.91000366210938,183.08999633789062,180.8800048828125,182.14999389648438,71983600
2024-01-05,178.99774169921875,181.17999267578125,182.75999450683594,180.1699981689453,181.99000549316406,62379700
2024-01-08,183.32496643066406,185.55999755859375,185.60000610351562,181.5,182.08999633789062,59144500
2024-01-09,182.9100341796875,185.13999938964844,185.14999389648438,182.72999572753906,183.9199981689453,42841800
2024-01-10,183.94740295410156,186.19000244140625,186.39999389648438,183.9199981689453,184.35000610351562,46792900
2024-01-11,183.35459899902344,185.58999633789062,187.0500030517578,183.6199951171875,186.5399932861328,49128400
2024-01-12,183.6806182861328,185.9199981689453,186.74000549316406,185.19000244140625,186.05999755859375,40477800
2024-01-16,181.418212890625,183.6300048828125,184.25999450683594,180.92999267578125,182.16000366210938,65603000
2024-01-17,180.47967529296875,182.67999267578125,182.92999267578125,180.3000030517578,181.27000427246094,47317400
2024-01-18,186.35800170898438,188.6300048828125,189.13999938964844,185.8300018310547,186.08999633789062,78005800
2024-01-19,189.252685546875,191.55999755859375,191.9499969482422,188.82000732421875,189.3300018310547,68903000
2024-01-22,191.5546417236328,193.88999938964844,195.3300018310547,192.25999450683594,192.3000030517578,60133900
2024-01-23,192.82908630371094,195.17999267578125,195.75,193.8300018310547,195.02000427246094,42355600
2024-01-24,192.1573028564453,194.5,196.3800048828125,194.33999633789062,195.4199981689453,53631300
2024-01-25,191.83128356933594,194.1699981689453,196.27000427246094,193.11000061035156,195.22000122070312,54822100
2024-01-26,190.1023406982422,192.4199981689453,194.75999450683594,191.94000244140625,194.27000427246094,44594000
2024-01-29,189.42066955566406,191.72999572753906,192.1999969482422,189.5800018310547,192.00999450683594,47145600
2024-01-30,185.7750701904297,188.0399932861328,191.8000030517578,187.47000122070312,190.94000244140625,55859400
2024-01-31,182.17892456054688,184.39999389648438,187.10000610351562,184.35000610351562,187.0399932861328,55467800
2024-02-01,184.6092987060547,186.86000061035156,186.9499969482422,183.82000732421875,183.99000549316406,64885400
2024-02-02,183.61148071289062,185.85000610351562,187.3300018310547,179.25,179.86000061035156,102551700
2024-02-05,185.41943359375,187.67999267578125,189.25,185.83999633789062,188.14999389648438,69668800
2024-02-06,187.01992797851562,189.3000030517578,189.30999755859375,186.77000427246094,186.86000061035156,43490800
2024-02-07,187.12860107421875,189.41000366210938,191.0500030517578,188.61000061035156,190.63999938964844,53439000
2024-02-08,186.05174255371094,188.32000732421875,189.5399932861328,187.35000610351562,189.38999938964844,40962000
2024-02-09,186.81341552734375,188.85000610351562,189.99000549316406,188.0,188.64999389648438,45155200
2024-02-12,185.13174438476562,187.14999389648438,188.6699981689453,186.7899932861328,188.4199981689453,41781900
2024-02-13,183.0445098876953,185.0399932861328,186.2100067138672,183.50999450683594,185.77000427246094,56529500
2024-02-14,182.1641082763672,184.14999389648438,185.52999877929688,182.44000244140625,185.32000732421875,54630500
2024-02-15,181.8772430419922,183.86000061035156,184.49000549316406,181.35000610351562,183.5500030517578,65434500
2024-02-16,180.34396362304688,182.30999755859375,184.85000610351562,181.6699981689453,183.4199981689453,49752500
2024-02-20,179.60205078125,181.55999755859375,182.42999267578125,180.0,181.7899932861328,53665600
2024-02-21,180.35386657714844,182.32000732421875,182.88999938964844,180.66000366210938,181.94000244140625,41371400
2024-02-22,182.38174438476562,184.3699951171875,184.9600067138672,182.4600067138672,183.47999572753906,52292200
2024-02-23,180.55169677734375,182.52000427246094,185.0399932861328,182.22999572753906,185.00999450683594,45119700
2024-02-26,179.20632934570312,181.16000366210938,182.75999450683594,180.64999389648438,182.24000549316406,40867400
2024-02-27,180.66050720214844,182.6300048828125,183.9199981689453,179.55999755859375,181.10000610351562,54318900
2024-02-28,179.4635467529297,181.4199981689453,183.1199951171875,180.1300048828125,182.50999450683594,48953900
2024-02-29,178.80079650878906,180.75,182.57000732421875,179.52999877929688,181.27000427246094,136682600
2024-03-01,177.72251892089844,179.66000366210938,180.52999877929688,177.3800048828125,179.5500030517578,73563100
2024-03-04,173.21170043945312,175.10000610351562,176.89999389648438,173.7899932861328,176.14999389648438,81510100
2024-03-05,168.285400390625,170.1199951171875,172.0399932861328,169.6199951171875,170.75999450683594,95132400
2024-03-06,167.29620361328125,169.1199951171875,171.24000549316406,168.67999267578125,171.05999755859375,68587700
2024-03-07,167.17747497558594,169.0,170.72999572753906,168.49000549316406,169.14999389648438,71765100
2024-03-08,168.8888397216797,170.72999572753906,173.6999969482422,168.94000244140625,169.0,76267000
2024-03-11,170.8870391845703,172.75,174.3800048828125,172.0500030517578,172.94000244140625,60139500
2024-03-12,171.36187744140625,173.22999572753906,174.02999877929688,171.00999450683594,173.14999389648438,59825400
2024-03-13,169.28451538085938,171.1300048828125,173.19000244140625,170.75999450683594,172.77000427246094,52488700
2024-03-14,171.1343231201172,173.0,174.30999755859375,172.0500030517578,172.91000366210938,72913500
2024-03-15,170.75843811035156,172.6199951171875,172.6199951171875,170.2899932861328,171.1699981689453,121752700
2024-03-18,171.84657287597656,173.72000122070312,177.7100067138672,173.52000427246094,175.57000732421875,75604200
2024-03-19,174.18112182617188,176.0800018310547,176.61000061035156,173.02999877929688,174.33999633789062,55215200
2024-03-20,176.7432098388672,178.6699981689453,178.6699981689453,175.08999633789062,175.72000122070312,53423100
2024-03-21,169.5219268798828,171.3699951171875,177.49000549316406,170.83999633789062,177.0500030517578,106181300
2024-03-22,170.42213439941406,172.27999877929688,173.0500030517578,170.05999755859375,171.75999450683594,71160100
2024-03-25,169.00753784179688,170.85000610351562,171.94000244140625,169.4499969482422,170.57000732421875,54288300
2024-03-26,167.8798370361328,169.7100067138672,171.4199981689453,169.5800018310547,170.0,57388400
2024-03-27,171.44100952148438,173.30999755859375,173.60000610351562,170.11000061035156,170.41000366210938,60273300
2024-03-28,169.63072204589844,171.47999572753906,172.22999572753906,170.50999450683594,171.75,65672700
2024-04-01,168.19638061523438,170.02999877929688,171.25,169.47999572753906,171.19000244140625,46240500
2024-04-02,167.01919555664062,168.83999633789062,169.33999633789062,168.22999572753906,169.0800018310547,49329500
2024-04-03,167.8204803466797,169.64999389648438,170.67999267578125,168.5800018310547,168.7899932861328,47691700
2024-04-04,166.99942016601562,168.82000732421875,171.9199981689453,168.82000732421875,170.2899932861328,53704400
2024-04-05,167.75123596191406,169.5800018310547,170.38999938964844,168.9499969482422,169.58999633789062,42104800
2024-04-08,166.63345336914062,168.4499969482422,169.1999969482422,168.24000549316406,169.02999877929688,37425500
2024-04-09,167.8402862548828,169.6699981689453,170.0800018310547,168.35000610351562,168.6999969482422,42373800
2024-04-10,165.9706573486328,167.77999877929688,169.08999633789062,167.11000061035156,168.8000030517578,49709300
2024-04-11,173.15237426757812,175.0399932861328,175.4600067138672,168.16000366210938,168.33999633789062,91070300
2024-04-12,174.6460723876953,176.5500030517578,178.36000061035156,174.2100067138672,174.25999450683594,101670900
2024-04-15,170.82769775390625,172.69000244140625,176.6300048828125,172.5,175.36000061035156,73531800
2024-04-16,167.55340576171875,169.3800048828125,173.75999450683594,168.27000427246094,171.75,73711200
2024-04-17,166.18829345703125,168.0,170.64999389648438,168.0,169.61000061035156,50901200
2024-04-18,165.2386016845703,167.0399932861328,168.63999938964844,166.5500030517578,168.02999877929688,43122900
2024-04-19,163.2206268310547,165.0,166.39999389648438,164.0800018310547,166.2100067138672,68149400
2024-04-22,164.0515594482422,165.83999633789062,167.25999450683594,164.77000427246094,165.52000427246094,48116400
2024-04-23,165.10011291503906,166.89999389648438,167.0500030517578,164.9199981689453,165.35000610351562,49537800
2024-04-24,167.19729614257812,169.02000427246094,169.3000030517578,166.2100067138672,166.5399932861328,48251800
2024-04-25,168.05789184570312,169.88999938964844,170.61000061035156,168.14999389648438,169.52999877929688,50558300
2024-04-26,167.47425842285156,169.3000030517578,171.33999633789062,169.17999267578125,169.8800048828125,44838400
2024-04-29,171.62893676757812,173.5,176.02999877929688,173.10000610351562,173.3699951171875,68169400
2024-04-30,168.4931640625,170.3300018310547,174.99000549316406,170.0,173.3300018310547,65934800
2024-05-01,167.47425842285156,169.3000030517578,172.7100067138672,169.11000061035156,169.5800018310547,50383100
2024-05-02,171.16404724121094,173.02999877929688,173.4199981689453,170.88999938964844,172.50999450683594,94214900
2024-05-03,181.4024200439453,183.3800048828125,187.0,182.66000366210938,186.64999389648438,163224100
2024-05-06,179.75045776367188,181.7100067138672,184.1999969482422,180.4199981689453,182.35000610351562,78569700
2024-05-07,180.4329833984375,182.39999389648438,184.89999389648438,181.32000732421875,183.4499969482422,77305800
2024-05-08,180.76934814453125,182.74000549316406,183.07000732421875,181.4499969482422,182.85000610351562,45057100
2024-05-09,182.57957458496094,184.57000732421875,184.66000366210938,182.11000061035156,182.55999755859375,48983000
2024-05-10,181.32154846191406,183.0500030517578,185.08999633789062,182.1300048828125,184.89999389648438,50759500
2024-05-13,184.5210723876953,186.27999877929688,187.10000610351562,184.6199951171875,185.44000244140625,72044800
2024-05-14,185.6602020263672,187.42999267578125,188.3000030517578,186.2899932861328,187.50999450683594,52393600
2024-05-15,187.92860412597656,189.72000122070312,190.64999389648438,187.3699951171875,187.91000366210938,70400000
2024-05-16,188.04745483398438,189.83999633789062,191.10000610351562,189.66000366210938,190.47000122070312,52845200
2024-05-17,188.0771942138672,189.8699951171875,190.80999755859375,189.17999267578125,189.50999450683594,41282900
2024-05-20,189.23611450195312,191.0399932861328,191.9199981689453,189.00999450683594,189.3300018310547,44361300
2024-05-21,190.5337677001953,192.35000610351562,192.72999572753906,190.9199981689453,191.08999633789062,42309400
2024-05-22,189.0974578857422,190.89999389648438,192.82000732421875,190.27000427246094,192.27000427246094,34648500
2024-05-23,185.11541748046875,186.8800048828125,191.0,186.6300048828125,190.97999572753906,51005900
2024-05-24,188.18612670898438,189.97999572753906,190.5800018310547,188.0399932861328,188.82000732421875,36327000
2024-05-28,188.196044921875,189.99000549316406,193.0,189.10000610351562,191.50999450683594,52280100
2024-05-29,188.4932098388672,190.2899932861328,192.25,189.50999450683594,189.61000061035156,53068000
2024-05-30,189.48374938964844,191.2899932861328,192.17999267578125,190.6300048828125,190.75999450683594,49889100
2024-05-31,190.43472290039062,192.25,192.57000732421875,189.91000366210938,191.44000244140625,75158300
2024-06-03,192.19790649414062,194.02999877929688,194.99000549316406,192.52000427246094,192.89999389648438,50080500
2024-06-04,192.51487731933594,194.35000610351562,195.32000732421875,193.02999877929688,194.63999938964844,47471400
2024-06-05,194.02052307128906,195.8699951171875,196.89999389648438,194.8699951171875,195.39999389648438,54156800
2024-06-06,192.64364624023438,194.47999572753906,196.5,194.1699981689453,195.69000244140625,41181800
2024-06-07,195.03091430664062,196.88999938964844,196.94000244140625,194.13999938964844,194.64999389648438,53103900
2024-06-10,191.29649353027344,193.1199951171875,197.3000030517578,192.14999389648438,196.89999389648438,97010200
2024-06-11,205.19400024414062,207.14999389648438,207.16000366210938,193.6300048828125,193.64999389648438,172373300
2024-06-12,211.05813598632812,213.07000732421875,220.1999969482422,206.89999389648438,207.3699951171875,198134300
2024-06-13,212.21705627441406,214.24000549316406,216.75,211.60000610351562,214.74000549316406,97862700
2024-06-14,210.4835968017578,212.49000549316406,215.1699981689453,211.3000030517578,213.85000610351562,70122700
2024-06-17,214.62411499023438,216.6699981689453,218.9499969482422,212.72000122070312,213.3699951171875,93728300
2024-06-18,212.26658630371094,214.2899932861328,218.6300048828125,213.0,217.58999633789062,79943300
2024-06-20,207.70013427734375,209.67999267578125,214.24000549316406,208.85000610351562,213.92999267578125,86172500
2024-06-21,205.5308074951172,207.49000549316406,211.88999938964844,207.11000061035156,210.38999938964844,241805100
2024-06-24,206.1746826171875,208.13999938964844,212.6999969482422,206.58999633789062,207.72000122070312,80727000
2024-06-25,207.09588623046875,209.07000732421875,211.3800048828125,208.61000061035156,209.14999389648438,55549700
2024-06-26,211.23643493652344,213.25,214.86000061035156,210.63999938964844,211.5,66213200
2024-06-27,212.0784149169922,214.10000610351562,215.74000549316406,212.35000610351562,214.69000244140625,49772700
2024-06-28,208.63124084472656,210.6199951171875,216.07000732421875,210.3000030517578,215.77000427246094,82542700
2024-07-01,214.703369140625,216.75,217.50999450683594,211.9199981689453,212.08999633789062,60402900
2024-07-02,218.19015502929688,220.27000427246094,220.3800048828125,215.10000610351562,216.14999389648438,58046200
2024-07-03,219.4580535888672,221.5500030517578,221.5500030517578,219.02999877929688,220.0,37369800
2024-07-05,224.20281982421875,226.33999633789062,226.4499969482422,221.64999389648438,221.64999389648438,60412400
2024-07-08,225.66885375976562,227.82000732421875,227.85000610351562,223.25,227.08999633789062,59085900
2024-07-09,226.5207061767578,228.67999267578125,229.39999389648438,226.3699951171875,227.92999267578125,48076100
2024-07-10,230.78012084960938,232.97999572753906,233.0800018310547,229.25,229.3000030517578,62627700
2024-07-11,225.4212188720703,227.57000732421875,232.38999938964844,225.77000427246094,231.38999938964844,64710600
2024-07-12,228.36314392089844,230.5399932861328,232.63999938964844,228.67999267578125,228.9199981689453,53046500
2024-07-15,232.1866912841797,234.39999389648438,237.22999572753906,233.08999633789062,236.47999572753906,62631300
2024-07-16,232.60275268554688,234.82000732421875,236.27000427246094,232.3300018310547,235.0,43234300
2024-07-17,226.71884155273438,228.8800048828125,231.4600067138672,226.63999938964844,229.4499969482422,57345900
2024-07-18,222.06321716308594,224.17999267578125,230.44000244140625,222.27000427246094,230.27999877929688,66034600
2024-07-19,222.19200134277344,224.30999755859375,226.8000030517578,223.27999877929688,224.82000732421875,49151500
2024-07-22,221.84530639648438,223.9600067138672,227.77999877929688,223.08999633789062,227.00999450683594,48201800
2024-07-23,222.88536071777344,225.00999450683594,226.94000244140625,222.67999267578125,224.3699951171875,39960300
2024-07-24,216.47647094726562,218.5399932861328,224.8000030517578,217.1300048828125,224.0,61777600
2024-07-25,215.43637084960938,217.49000549316406,220.85000610351562,214.6199951171875,218.92999267578125,51391200
2024-07-26,215.90194702148438,217.9600067138672,219.49000549316406,216.00999450683594,218.6999969482422,41601300
2024-07-29,216.1793212890625,218.24000549316406,219.3000030517578,215.75,216.9600067138672,36311800
2024-07-30,216.7340087890625,218.8000030517578,220.3300018310547,216.1199951171875,219.19000244140625,41643800
2024-07-31,219.9830322265625,222.0800018310547,223.82000732421875,220.6300048828125,221.44000244140625,50036300
2024-08-01,216.29818725585938,218.36000061035156,224.47999572753906,217.02000427246094,224.3699951171875,62501000
2024-08-02,217.78399658203125,219.86000061035156,225.60000610351562,217.7100067138672,219.14999389648438,105568600
2024-08-05,207.2939910888672,209.27000427246094,213.5,196.0,199.08999633789062,119548600
2024-08-06,205.2732391357422,207.22999572753906,209.99000549316406,201.07000732421875,205.3000030517578,69660500
2024-08-07,207.8388214111328,209.82000732421875,213.63999938964844,206.38999938964844,206.89999389648438,63516400
2024-08-08,211.2958526611328,213.30999755859375,214.1999969482422,208.8300018310547,213.11000061035156,47161100
2024-08-09,214.1981658935547,216.24000549316406,216.77999877929688,211.97000122070312,212.10000610351562,42201600
2024-08-12,215.72543334960938,217.52999877929688,219.50999450683594,215.60000610351562,216.07000732421875,38028100
2024-08-13,219.43438720703125,221.27000427246094,221.88999938964844,219.00999450683594,219.00999450683594,44155300
2024-08-14,219.8806610107422,221.72000122070312,223.02999877929688,219.6999969482422,220.57000732421875,41960600
2024-08-15,222.8557586669922,224.72000122070312,225.35000610351562,222.75999450683594,224.60000610351562,46414000
2024-08-16,224.1747283935547,226.0500030517578,226.8300018310547,223.64999389648438,223.9199981689453,44340200
2024-08-19,224.01605224609375,225.88999938964844,225.99000549316406,223.0399932861328,225.72000122070312,40687800
2024-08-20,224.6309051513672,226.50999450683594,227.1699981689453,225.4499969482422,225.77000427246094,30299000
2024-08-21,224.52183532714844,226.39999389648438,227.97999572753906,225.0500030517578,226.52000427246094,34765500
2024-08-22,222.66734313964844,224.52999877929688,228.33999633789062,223.89999389648438,227.7899932861328,43695300
2024-08-23,224.9581756591797,226.83999633789062,228.22000122070312,224.3300018310547,225.66000366210938,38677300
2024-08-26,225.29534912109375,227.17999267578125,227.27999877929688,223.88999938964844,226.75999450683594,30602200
2024-08-27,226.1383056640625,228.02999877929688,228.85000610351562,224.88999938964844,226.0,35934600
2024-08-28,224.61109924316406,226.49000549316406,229.86000061035156,225.67999267578125,227.9199981689453,38052200
2024-08-29,227.88369750976562,229.7899932861328,232.9199981689453,228.8800048828125,230.10000610351562,51906300
2024-08-30,227.1002655029297,229.0,230.39999389648438,227.47999572753906,230.19000244140625,52990800
2024-09-03,220.9219512939453,222.77000427246094,229.0,221.1699981689453,228.5500030517578,50190600
2024-09-04,219.01788330078125,220.85000610351562,221.77999877929688,217.47999572753906,221.66000366210938,43840200
2024-09-05,220.53517150878906,222.3800048828125,225.47999572753906,221.52000427246094,221.6300048828125,36615400
2024-09-06,218.9881134033203,220.82000732421875,225.24000549316406,219.77000427246094,223.9499969482422,48423000
2024-09-09,219.07736206054688,220.91000366210938,221.27000427246094,216.7100067138672,220.82000732421875,67180000
2024-09-10,218.2840118408203,220.11000061035156,221.47999572753906,216.72999572753906,218.9199981689453,51591000
2024-09-11,220.81285095214844,222.66000366210938,223.08999633789062,217.88999938964844,221.4600067138672,44587100
2024-09-12,220.9219512939453,222.77000427246094,223.5500030517578,219.82000732421875,222.5,37455600
2024-09-13,220.65419006347656,222.5,224.0399932861328,221.91000366210938,223.5800018310547,36766600
2024-09-16,214.5254669189453,216.32000732421875,217.22000122070312,213.9199981689453,216.5399932861328,59357400
2024-09-17,214.9915313720703,216.7899932861328,216.89999389648438,214.5,215.75,45519300
2024-09-18,218.85922241210938,220.69000244140625,222.7100067138672,217.5399932861328,217.5500030517578,59894900
2024-09-19,226.97132873535156,228.8699951171875,229.82000732421875,224.6300048828125,224.99000549316406,66781300
2024-09-20,226.30690002441406,228.1999969482422,233.08999633789062,227.6199951171875,229.97000122070312,318679900
2024-09-23,224.59127807617188,226.47000122070312,229.4499969482422,225.80999755859375,227.33999633789062,54146000
2024-09-24,225.4837646484375,227.3699951171875,229.35000610351562,225.72999572753906,228.64999389648438,43556100
2024-09-25,224.4920654296875,226.3699951171875,227.2899932861328,224.02000427246094,224.92999267578125,42308700
2024-09-26,225.63253784179688,227.52000427246094,228.5,225.41000366210938,227.3000030517578,36636700
2024-09-27,225.90028381347656,227.7899932861328,229.52000427246094,227.3000030517578,228.4600067138672,34026000
2024-09-30,231.06707763671875,233.0,233.0,229.64999389648438,230.0399932861328,54541900
2024-10-01,224.33338928222656,226.2100067138672,229.64999389648438,223.74000549316406,229.52000427246094,63285000
2024-10-02,224.89866638183594,226.77999877929688,227.3699951171875,223.02000427246094,225.88999938964844,32880600
2024-10-03,223.79788208007812,225.6699981689453,226.80999755859375,223.32000732421875,225.13999938964844,34044200
2024-10-04,224.91848754882812,226.8000030517578,228.0,224.1300048828125,227.89999389648438,37245100
2024-10-07,219.85092163085938,221.69000244140625,225.69000244140625,221.3300018310547,224.5,39505400
2024-10-08,223.89707946777344,225.77000427246094,225.97999572753906,223.25,224.3000030517578,31855700
2024-10-09,227.6357879638672,229.5399932861328,229.75,224.8300018310547,225.22999572753906,33591100
2024-10-10,227.13992309570312,229.0399932861328,229.5,227.1699981689453,227.77999877929688,28183500
2024-10-11,225.6623077392578,227.5500030517578,229.41000366210938,227.33999633789062,229.3000030517578,31759200
2024-10-14,229.38119506835938,231.3000030517578,231.72999572753906,228.60000610351562,228.6999969482422,39882100
2024-10-15,231.91001892089844,233.85000610351562,237.49000549316406,232.3699951171875,233.61000061035156,64751400
2024-10-16,229.857177734375,231.77999877929688,232.1199951171875,229.83999633789062,231.60000610351562,34082200
2024-10-17,230.22412109375,232.14999389648438,233.85000610351562,230.52000427246094,233.42999267578125,32993800
2024-10-18,233.05047607421875,235.0,236.17999267578125,234.00999450683594,236.17999267578125,46431500
2024-10-21,234.5181884765625,236.47999572753906,236.85000610351562,234.4499969482422,234.4499969482422,36254500
2024-10-22,233.9033660888672,235.86000061035156,236.22000122070312,232.60000610351562,233.88999938964844,38846600
2024-10-23,228.84564208984375,230.75999450683594,235.13999938964844,227.75999450683594,234.0800018310547,52287000
2024-10-24,228.65724182128906,230.57000732421875,230.82000732421875,228.41000366210938,229.97999572753906,31109500
2024-10-25,229.4902801513672,231.41000366210938,233.22000122070312,229.57000732421875,229.74000549316406,38802300
2024-10-28,231.46376037597656,233.39999389648438,234.72999572753906,232.5500030517578,233.32000732421875,36087100
2024-10-29,231.7315216064453,233.6699981689453,234.3300018310547,232.32000732421875,233.10000610351562,35417200
2024-10-30,228.19113159179688,230.10000610351562,233.47000122070312,229.5500030517578,232.61000061035156,47070900
2024-10-31,224.035888671875,225.91000366210938,229.8300018310547,225.3699951171875,229.33999633789062,64370100
2024-11-01,221.06076049804688,222.91000366210938,225.35000610351562,220.27000427246094,220.97000122070312,65276700
2024-11-04,220.16824340820312,222.00999450683594,222.7899932861328,219.7100067138672,220.99000549316406,44944500
2024-11-05,221.59629821777344,223.4499969482422,223.9499969482422,221.13999938964844,221.8000030517578,28111300
2024-11-06,220.8723602294922,222.72000122070312,226.07000732421875,221.19000244140625,222.61000061035156,54561100
2024-11-07,225.59286499023438,227.47999572753906,227.8800048828125,224.57000732421875,224.6300048828125,42137700
2024-11-08,225.32481384277344,226.9600067138672,228.66000366210938,226.41000366210938,227.1699981689453,38328800
2024-11-11,222.61448669433594,224.22999572753906,225.6999969482422,221.5,225.0,42005600
2024-11-12,222.61448669433594,224.22999572753906,225.58999633789062,223.36000061035156,224.5500030517578,40398300
2024-11-13,223.49806213378906,225.1199951171875,226.64999389648438,222.75999450683594,224.00999450683594,48566200
2024-11-14,226.57574462890625,228.22000122070312,228.8699951171875,225.0,225.02000427246094,44923900
2024-11-15,223.37892150878906,225.0,226.9199981689453,224.27000427246094,226.39999389648438,47923700
2024-11-18,226.37716674804688,228.02000427246094,229.74000549316406,225.1699981689453,225.25,44633700
2024-11-19,226.6352996826172,228.27999877929688,230.16000366210938,226.66000366210938,226.97999572753906,36211800
2024-11-20,227.35011291503906,229.0,229.92999267578125,225.88999938964844,228.05999755859375,35169600
2024-11-21,226.87356567382812,228.52000427246094,230.16000366210938,225.7100067138672,228.8800048828125,42108300
2024-11-22,228.21383666992188,229.8699951171875,230.72000122070312,228.05999755859375,228.05999755859375,38168300
2024-11-25,231.19223022460938,232.8699951171875,233.25,229.74000549316406,231.4600067138672,90152800
2024-11-26,233.366455078125,235.05999755859375,235.57000732421875,233.3300018310547,233.3300018310547,45986200
2024-11-27,233.2373809814453,234.92999267578125,235.69000244140625,233.80999755859375,234.47000122070312,33498400
2024-11-29,235.62008666992188,237.3300018310547,237.80999755859375,233.97000122070312,234.80999755859375,28481400
2024-12-02,237.8638153076172,239.58999633789062,240.7899932861328,237.16000366210938,237.27000427246094,48137100
2024-12-03,240.90176391601562,242.64999389648438,242.75999450683594,238.89999389648438,239.80999755859375,38861000
2024-12-04,241.2592010498047,243.00999450683594,244.11000061035156,241.25,242.8699951171875,44383900
2024-12-05,241.28895568847656,243.0399932861328,244.5399932861328,242.1300048828125,243.99000549316406,40033900
2024-12-06,241.09039306640625,242.83999633789062,244.6300048828125,242.0800018310547,242.91000366210938,36870600
2024-12-09,244.97222900390625,246.75,247.24000549316406,241.75,241.8300018310547,44649200
2024-12-10,245.98489379882812,247.77000427246094,248.2100067138672,245.33999633789062,246.88999938964844,36914800
2024-12-11,244.714111328125,246.49000549316406,250.8000030517578,246.25999450683594,247.9600067138672,45205800
2024-12-12,246.17352294921875,247.9600067138672,248.74000549316406,245.67999267578125,246.88999938964844,32777500
2024-12-13,246.34228515625,248.1300048828125,249.2899932861328,246.24000549316406,247.82000732421875,33155300
2024-12-16,249.23130798339844,251.0399932861328,251.3800048828125,247.64999389648438,247.99000549316406,51694800
2024-12-17,251.65374755859375,253.47999572753906,253.8300018310547,249.77999877929688,250.0800018310547,51356400
2024-12-18,246.2628631591797,248.0500030517578,254.27999877929688,247.74000549316406,252.16000366210938,56774100
2024-12-19,247.9903106689453,249.7899932861328,252.0,247.08999633789062,247.5,60882300
2024-12-20,252.656494140625,254.49000549316406,255.0,245.69000244140625,248.0399932861328,147495300
2024-12-23,253.4308624267578,255.27000427246094,255.64999389648438,253.4499969482422,254.77000427246094,40858800
2024-12-24,256.3397521972656,258.20001220703125,258.2099914550781,255.2899932861328,255.49000549316406,23234700
2024-12-26,257.15380859375,259.0199890136719,260.1000061035156,257.6300048828125,258.19000244140625,27237100
2024-12-27,253.74853515625,255.58999633789062,258.70001220703125,253.05999755859375,257.8299865722656,42355300
2024-12-30,250.38296508789062,252.1999969482422,253.5,250.75,252.22999572753906,35557500
2024-12-31,248.61578369140625,250.4199981689453,253.27999877929688,249.42999267578125,252.44000244140625,39480700
2025-01-02,242.0931396484375,243.85000610351562,249.10000610351562,241.82000732421875,248.92999267578125,55740700
2025-01-03,241.60667419433594,243.36000061035156,244.17999267578125,241.88999938964844,243.36000061035156,40244100
2025-01-06,243.23483276367188,245.0,247.3300018310547,243.1999969482422,244.30999755859375,45045600
2025-01-07,240.4649658203125,242.2100067138672,245.5500030517578,241.35000610351562,242.97999572753906,40856000
2025-01-08,240.95140075683594,242.6999969482422,243.7100067138672,240.0500030517578,241.9199981689453,37628900
2025-01-10,235.14358520507812,236.85000610351562,240.16000366210938,233.0,240.00999450683594,61710900
2025-01-13,232.7112274169922,234.39999389648438,234.6699981689453,229.72000122070312,233.52999877929688,49630700
2025-01-14,231.59927368164062,233.27999877929688,236.1199951171875,232.47000122070312,234.75,39435300
2025-01-15,236.15618896484375,237.8699951171875,238.9600067138672,234.42999267578125,234.63999938964844,39832000
2025-01-16,226.6154327392578,228.25999450683594,238.00999450683594,228.02999877929688,237.35000610351562,71759100
2025-01-17,228.3230438232422,229.97999572753906,232.2899932861328,228.47999572753906,232.1199951171875,68488300
2025-01-21,221.0359344482422,222.63999938964844,224.4199981689453,219.3800048828125,224.0,98070400
2025-01-22,222.2173614501953,223.8300018310547,224.1199951171875,219.7899932861328,219.7899932861328,64126500
2025-01-23,222.0486297607422,223.66000366210938,227.02999877929688,222.3000030517578,224.74000549316406,60234800
2025-01-24,221.17491149902344,222.77999877929688,225.6300048828125,221.41000366210938,224.77999877929688,54697900
2025-01-27,228.2039337158203,229.86000061035156,232.14999389648438,223.97999572753906,224.02000427246094,94863400
2025-01-28,236.54339599609375,238.25999450683594,240.19000244140625,230.80999755859375,230.85000610351562,75707600
2025-01-29,237.63548278808594,239.36000061035156,239.86000061035156,234.00999450683594,234.1199951171875,45486100
2025-01-30,235.8782196044922,237.58999633789062,240.7899932861328,237.2100067138672,238.6699981689453,55658300
2025-01-31,234.29969787597656,236.0,247.19000244140625,233.44000244140625,247.19000244140625,100959800
2025-02-03,226.3672332763672,228.00999450683594,231.8300018310547,225.6999969482422,229.99000549316406,73063300
2025-02-04,231.1227569580078,232.8000030517578,233.1300048828125,226.64999389648438,227.25,45067300
2025-02-05,230.79515075683594,232.47000122070312,232.6699981689453,228.27000427246094,228.52999877929688,39620300
2025-02-06,231.5397186279297,233.22000122070312,233.8000030517578,230.42999267578125,231.2899932861328,29925300
2025-02-07,225.989990234375,227.6300048828125,234.0,227.25999450683594,232.60000610351562,39707200
2025-02-10,226.25833129882812,227.64999389648438,230.58999633789062,227.1999969482422,229.57000732421875,33115600
2025-02-11,231.1979522705078,232.6199951171875,235.22999572753906,228.1300048828125,228.1999969482422,53718400
2025-02-12,235.42198181152344,236.8699951171875,236.9600067138672,230.67999267578125,231.1999969482422,45243300
2025-02-13,240.0535125732422,241.52999877929688,242.33999633789062,235.57000732421875,236.91000366210938,53614100
2025-02-14,243.10470581054688,244.60000610351562,245.5500030517578,240.99000549316406,241.25,40896200
2025-02-18,242.97552490234375,244.47000122070312,245.17999267578125,241.83999633789062,244.14999389648438,48822500
2025-02-19,243.37306213378906,244.8699951171875,246.00999450683594,243.16000366210938,244.66000366210938,32204200
2025-02-20,244.3271942138672,245.8300018310547,246.77999877929688,244.2899932861328,244.94000244140625,32316900
2025-02-21,244.0489044189453,245.5500030517578,248.69000244140625,245.22000122070312,245.9499969482422,53197400
2025-02-24,245.58944702148438,247.10000610351562,248.86000061035156,244.4199981689453,244.92999267578125,51326400
2025-02-25,245.52978515625,247.0399932861328,250.0,244.91000366210938,248.0,48013300
2025-02-26,238.89064025878906,240.36000061035156,244.97999572753906,239.1300048828125,244.3300018310547,44433600
2025-02-27,235.84934997558594,237.3000030517578,242.4600067138672,237.05999755859375,239.41000366210938,41153600
2025-02-28,240.36158752441406,241.83999633789062,242.08999633789062,230.1999969482422,236.9499969482422,56833400
2025-03-03,236.57485961914062,238.02999877929688,244.02999877929688,236.11000061035156,241.7899932861328,47184000
2025-03-04,234.48770141601562,235.92999267578125,240.07000732421875,234.67999267578125,237.7100067138672,53798100
2025-03-05,234.29888916015625,235.74000549316406,236.5500030517578,229.22999572753906,235.4199981689453,47227600
2025-03-06,233.89138793945312,235.3300018310547,237.86000061035156,233.16000366210938,234.44000244140625,45170400
2025-03-07,237.60853576660156,239.07000732421875,241.3699951171875,234.75999450683594,235.11000061035156,46273600
2025-03-10,226.08937072753906,227.47999572753906,236.16000366210938,224.22000122070312,235.5399932861328,72071200
2025-03-11,219.48997497558594,220.83999633789062,225.83999633789062,217.4499969482422,223.80999755859375,76137400
2025-03-12,215.65354919433594,216.97999572753906,221.75,214.91000366210938,220.13999938964844,62547500
2025-03-13,208.39817810058594,209.67999267578125,216.83999633789062,208.4199981689453,215.9499969482422,61368300
2025-03-14,212.18490600585938,213.49000549316406,213.9499969482422,209.5800018310547,211.25,60107600
2025-03-17,212.69178771972656,214.0,215.22000122070312,209.97000122070312,213.30999755859375,48073400
2025-03-18,211.38978576660156,212.69000244140625,215.14999389648438,211.49000549316406,214.16000366210938,42432400
2025-03-19,213.9241943359375,215.24000549316406,218.75999450683594,213.75,214.22000122070312,54385400
2025-03-20,212.79119873046875,214.10000610351562,217.49000549316406,212.22000122070312,213.99000549316406,48862900
2025-03-21,216.93568420410156,218.27000427246094,218.83999633789062,211.27999877929688,211.55999755859375,94127800
2025-03-24,219.38063049316406,220.72999572753906,221.47999572753906,218.5800018310547,221.0,44299500
2025-03-25,222.38218688964844,223.75,224.10000610351562,220.0800018310547,220.77000427246094,34493600
2025-03-26,220.1757354736328,221.52999877929688,225.02000427246094,220.47000122070312,223.50999450683594,34466100
2025-03-27,222.48155212402344,223.85000610351562,224.99000549316406,220.55999755859375,221.38999938964844,37094800
2025-03-28,216.56793212890625,217.89999389648438,223.80999755859375,217.67999267578125,221.6699981689453,39818600
2025-03-31,220.7720947265625,222.1300048828125,225.6199951171875,216.22999572753906,217.00999450683594,65299300
2025-04-01,221.82559204101562,223.19000244140625,223.67999267578125,218.89999389648438,219.80999755859375,36412700
2025-04-02,222.52133178710938,223.88999938964844,225.19000244140625,221.02000427246094,221.32000732421875,35905900
2025-04-03,201.94786071777344,203.19000244140625,207.49000549316406,201.25,205.5399932861328,103419000
2025-04-04,187.22842407226562,188.3800048828125,199.8800048828125,187.33999633789062,193.88999938964844,125910900
2025-04-07,180.3507080078125,181.4600067138672,194.14999389648438,174.6199951171875,177.1999969482422,160466300
2025-04-08,171.36595153808594,172.4199981689453,190.33999633789062,169.2100067138672,186.6999969482422,120859500
2025-04-09,197.63438415527344,198.85000610351562,200.61000061035156,171.88999938964844,171.9499969482422,184395900
2025-04-10,189.2559356689453,190.4199981689453,194.77999877929688,183.0,189.07000732421875,121880000
2025-04-11,196.93865966796875,198.14999389648438,199.5399932861328,186.05999755859375,186.10000610351562,87435900
2025-04-14,201.28196716308594,202.52000427246094,212.94000244140625,201.16000366210938,211.44000244140625,101352900
2025-04-15,200.904296875,202.13999938964844,203.50999450683594,199.8000030517578,201.86000061035156,51343900
2025-04-16,193.0823974609375,194.27000427246094,200.6999969482422,192.3699951171875,198.36000061035156,59732400
2025-04-17,195.77581787109375,196.97999572753906,198.8300018310547,194.4199981689453,197.1999969482422,52164700
2025-04-21,191.97915649414062,193.16000366210938,193.8000030517578,189.80999755859375,193.27000427246094,46742500
2025-04-22,198.5189666748047,199.74000549316406,201.58999633789062,195.97000122070312,196.1199951171875,52976400
2025-04-23,203.34925842285156,204.60000610351562,208.0,202.8000030517578,206.0,52929200
2025-04-24,207.09619140625,208.3699951171875,208.8300018310547,202.94000244140625,204.88999938964844,47311000
2025-04-25,208.00064086914062,209.27999877929688,209.75,206.1999969482422,206.3699951171875,38222300
2025-04-28,208.85537719726562,210.13999938964844,211.5,207.4600067138672,210.0,38743100
2025-04-29,209.9188232421875,211.2100067138672,212.24000549316406,208.3699951171875,208.69000244140625,36827600
2025-04-30,211.20095825195312,212.5,213.5800018310547,206.6699981689453,209.3000030517578,52286500
2025-05-01,212.0159454345703,213.32000732421875,214.55999755859375,208.89999389648438,209.0800018310547,57365700
2025-05-02,204.0946807861328,205.35000610351562,206.99000549316406,202.16000366210938,206.08999633789062,101010600
2025-05-05,197.67416381835938,198.88999938964844,204.10000610351562,198.2100067138672,203.10000610351562,69018500
2025-05-06,197.29647827148438,198.50999450683594,200.64999389648438,197.02000427246094,198.2100067138672,51216500
2025-05-07,195.05029296875,196.25,199.44000244140625,193.25,199.1699981689453,68536700
2025-05-08,196.28271484375,197.49000549316406,200.0500030517578,194.67999267578125,197.72000122070312,50478900
2025-05-09,197.3163604736328,198.52999877929688,200.5399932861328,197.5399932861328,199.0,36453900
2025-05-12,209.77613830566406,210.7899932861328,211.27000427246094,206.75,210.97000122070312,63775800
2025-05-13,211.9058380126953,212.92999267578125,213.39999389648438,209.0,210.42999267578125,51909300
2025-05-14,211.30873107910156,212.3300018310547,213.94000244140625,210.5800018310547,212.42999267578125,49325800
2025-05-15,210.43296813964844,211.4499969482422,212.9600067138672,209.5399932861328,210.9499969482422,45029500
2025-05-16,210.24388122558594,211.25999450683594,212.57000732421875,209.77000427246094,212.36000061035156,54737900
2025-05-19,207.7758026123047,208.77999877929688,209.47999572753906,204.25999450683594,207.91000366210938,46140500
2025-05-20,205.86505126953125,206.86000061035156,208.47000122070312,205.02999877929688,207.6699981689453,42496600
2025-05-21,201.11798095703125,202.08999633789062,207.0399932861328,200.7100067138672,205.1699981689453,59211800
2025-05-22,200.39149475097656,201.36000061035156,202.75,199.6999969482422,200.7100067138672,46742400
2025-05-23,194.33079528808594,195.27000427246094,197.6999969482422,193.4600067138672,193.6699981689453,78432900
2025-05-27,199.2470245361328,200.2100067138672,200.74000549316406,197.42999267578125,198.3000030517578,56288500
2025-05-28,199.45599365234375,200.4199981689453,202.72999572753906,199.89999389648438,200.58999633789062,45339700
2025-05-29,198.98828125,199.9499969482422,203.80999755859375,198.50999450683594,203.5800018310547,51396800
2025-05-30,199.88394165039062,200.85000610351562,201.9600067138672,196.77999877929688,199.3699951171875,70819900
2025-06-02,200.72984313964844,201.6999969482422,202.1300048828125,200.1199951171875,200.27999877929688,35423300
2025-06-03,202.29229736328125,203.27000427246094,203.77000427246094,200.9600067138672,201.35000610351562,46381600
2025-06-04,201.844482421875,202.82000732421875,206.24000549316406,202.10000610351562,202.91000366210938,43604000
2025-06-05,199.66502380371094,200.6300048828125,204.75,200.14999389648438,203.5,55126100
2025-06-06,202.93917846679688,203.9199981689453,205.6999969482422,202.0500030517578,203.0,46607700
2025-06-09,200.48106384277344,201.4499969482422,206.0,200.02000427246094,204.38999938964844,72862600
2025-06-10,201.6951904296875,202.6699981689453,204.35000610351562,200.57000732421875,200.60000610351562,54672600
2025-06-11,197.8238983154297,198.77999877929688,204.5,198.41000366210938,203.5,60989900
2025-06-12,198.24188232421875,199.1999969482422,199.67999267578125,197.36000061035156,199.0800018310547,43904600
2025-06-13,195.50511169433594,196.4499969482422,200.3699951171875,195.6999969482422,199.72999572753906,51447300
2025-06-16,197.46563720703125,198.4199981689453,198.69000244140625,196.55999755859375,197.3000030517578,43020700
2025-06-17,194.69898986816406,195.63999938964844,198.38999938964844,195.2100067138672,197.1999969482422,38856200
2025-06-18,195.63446044921875,196.5800018310547,197.57000732421875,195.07000732421875,195.94000244140625,45394700
2025-06-20,200.03321838378906,201.0,201.6999969482422,196.86000061035156,198.24000549316406,96813500
2025-06-23,200.53082275390625,201.5,202.3000030517578,198.9600067138672,201.6300048828125,55814300
2025-06-24,199.3365936279297,200.3000030517578,203.44000244140625,200.1999969482422,202.58999633789062,54064000
2025-06-25,200.59054565429688,201.55999755859375,203.6699981689453,200.6199951171875,201.4499969482422,39525700
2025-06-26,200.03321838378906,201.0,202.63999938964844,199.4600067138672,201.42999267578125,50799100
2025-06-27,200.11282348632812,201.0800018310547,203.22000122070312,200.0,201.88999938964844,73188600
2025-06-30,204.1831512451172,205.1699981689453,207.38999938964844,199.25999450683594,202.00999450683594,91912800
2025-07-01,206.82041931152344,207.82000732421875,210.19000244140625,206.13999938964844,206.6699981689453,78788900
2025-07-02,211.41819763183594,212.44000244140625,213.33999633789062,208.13999938964844,208.91000366210938,67941800
2025-07-03,212.5228729248047,213.5500030517578,214.64999389648438,211.80999755859375,212.14999389648438,34955800
2025-07-07,208.94017028808594,209.9499969482422,216.22999572753906,208.8000030517578,212.67999267578125,50229000
2025-07-08,208.9998779296875,210.00999450683594,211.42999267578125,208.4499969482422,210.10000610351562,42848900
2025-07-09,210.1244354248047,211.13999938964844,211.3300018310547,207.22000122070312,209.52999877929688,48749400
2025-07-10,211.38833618164062,212.41000366210938,213.47999572753906,210.02999877929688,210.50999450683594,44443600
2025-07-11,210.14434814453125,211.16000366210938,212.1300048828125,209.86000061035156,210.57000732421875,39765800
2025-07-14,207.61656188964844,208.6199951171875,210.91000366210938,207.5399932861328,209.92999267578125,38840100
2025-07-15,208.10421752929688,209.11000061035156,211.88999938964844,208.9199981689453,209.22000122070312,42296300
2025-07-16,209.14918518066406,210.16000366210938,212.39999389648438,208.63999938964844,210.3000030517578,47490500
2025-07-17,209.00982666015625,210.02000427246094,211.8000030517578,209.58999633789062,210.57000732421875,48068100
2025-07-18,210.16424560546875,211.17999267578125,211.7899932861328,209.6999969482422,210.8699951171875,48974600
2025-07-21,211.45799255371094,212.47999572753906,215.77999877929688,211.6300048828125,212.10000610351562,51377400
2025-07-22,213.3687744140625,214.39999389648438,214.9499969482422,212.22999572753906,213.13999938964844,46404100
2025-07-23,213.11997985839844,214.14999389648438,215.14999389648438,212.41000366210938,215.0,46989300
2025-07-24,212.73182678222656,213.75999450683594,215.69000244140625,213.52999877929688,213.89999389648438,46022600
2025-07-25,212.8512725830078,213.8800048828125,215.24000549316406,213.39999389648438,214.6999969482422,40268800
2025-07-28,213.02047729492188,214.0500030517578,214.85000610351562,213.05999755859375,214.02999877929688,37858000
2025-07-29,210.25381469726562,211.27000427246094,214.80999755859375,210.82000732421875,214.17999267578125,51411700
2025-07-30,208.0445098876953,209.0500030517578,212.38999938964844,207.72000122070312,211.89999389648438,45512500
2025-07-31,206.57162475585938,207.57000732421875,209.83999633789062,207.16000366210938,208.49000549316406,80698400
2025-08-01,201.40660095214844,202.3800048828125,213.5800018310547,201.5,210.8699951171875,104434500
2025-08-04,202.37193298339844,203.35000610351562,207.8800048828125,201.67999267578125,204.50999450683594,75109300
2025-08-05,201.94400024414062,202.9199981689453,205.33999633789062,202.16000366210938,203.39999389648438,44155100
2025-08-06,212.2243194580078,213.25,215.3800048828125,205.58999633789062,205.6300048828125,108483100
2025-08-07,218.9716796875,220.02999877929688,220.85000610351562,216.5800018310547,218.8800048828125,90224800
2025-08-08,228.2468719482422,229.35000610351562,231.0,219.25,220.8300018310547,113854000
2025-08-11,226.34388732910156,227.17999267578125,229.55999755859375,224.75999450683594,227.9199981689453,61806100
2025-08-12,228.80479431152344,229.64999389648438,230.8000030517578,227.07000732421875,228.00999450683594,55626200
2025-08-13,232.47125244140625,233.3300018310547,235.0,230.42999267578125,231.07000732421875,69878500
2025-08-14,231.92327880859375,232.77999877929688,235.1199951171875,230.85000610351562,234.05999755859375,51916300
2025-08-15,230.73764038085938,231.58999633789062,234.27999877929688,229.33999633789062,234.0,56038700
2025-08-18,230.0402374267578,230.88999938964844,233.1199951171875,230.11000061035156,231.6999969482422,37476200
2025-08-19,229.71144104003906,230.55999755859375,232.8699951171875,229.35000610351562,231.27999877929688,39402600
2025-08-20,225.17819213867188,226.00999450683594,230.47000122070312,225.77000427246094,229.97999572753906,42263900
2025-08-21,224.072265625,224.89999389648438,226.52000427246094,223.77999877929688,226.27000427246094,30621200
2025-08-22,226.92173767089844,227.75999450683594,229.08999633789062,225.41000366210938,226.1699981689453,42477800
2025-08-25,226.32395935058594,227.16000366210938,229.3000030517578,226.22999572753906,226.47999572753906,30983100
2025-08-26,228.46604919433594,229.30999755859375,229.49000549316406,224.69000244140625,226.8699951171875,54575100
2025-08-27,229.64170837402344,230.49000549316406,230.89999389648438,228.25999450683594,228.61000061035156,31259500
2025-08-28,231.7041015625,232.55999755859375,233.41000366210938,229.33999633789062,230.82000732421875,38074700
2025-08-29,231.28562927246094,232.13999938964844,233.3800048828125,231.3699951171875,232.50999450683594,39418400
2025-09-02,228.8745574951172,229.72000122070312,230.85000610351562,226.97000122070312,229.25,44075600
2025-09-03,237.59234619140625,238.47000122070312,238.85000610351562,234.36000061035156,237.2100067138672,66427800
2025-09-04,238.89749145507812,239.77999877929688,239.89999389648438,236.74000549316406,238.4499969482422,47549400
2025-09-05,238.80784606933594,239.69000244140625,241.32000732421875,238.49000549316406,240.0,54870400
2025-09-08,237.0045166015625,237.8800048828125,240.14999389648438,236.33999633789062,239.3000030517578,48999500
2025-09-09,233.48751831054688,234.35000610351562,238.77999877929688,233.36000061035156,237.0,66313900
2025-09-10,225.955322265625,226.7899932861328,232.4199981689453,225.9499969482422,232.19000244140625,83440800
2025-09-11,229.1833953857422,230.02999877929688,230.4499969482422,226.64999389648438,226.8800048828125,50208600
2025-09-12,233.20855712890625,234.07000732421875,234.50999450683594,229.02000427246094,229.22000122070312,55824200
2025-09-15,235.828857421875,236.6999969482422,238.19000244140625,235.02999877929688,237.0,42699500
2025-09-16,237.2735137939453,238.14999389648438,241.22000122070312,236.32000732421875,237.17999267578125,63421100
2025-09-17,238.11044311523438,238.99000549316406,240.10000610351562,237.72999572753906,238.97000122070312,46508000
2025-09-18,237.0045166015625,237.8800048828125,241.1999969482422,236.64999389648438,239.97000122070312,44249600
2025-09-19,244.59646606445312,245.5,246.3000030517578,240.2100067138672,241.22999572753906,163741300
2025-09-22,255.13751220703125,256.0799865722656,256.6400146484375,248.1199951171875,248.3000030517578,105517400
2025-09-23,253.4936065673828,254.42999267578125,257.3399963378906,253.5800018310547,255.8800048828125,60275200
2025-09-24,251.3813934326172,252.30999755859375,255.74000549316406,251.0399932861328,255.22000122070312,42303700
2025-09-25,255.9246063232422,256.8699951171875,257.1700134277344,251.7100067138672,253.2100067138672,55202100
2025-09-26,254.51980590820312,255.4600067138672,257.6000061035156,253.77999877929688,254.10000610351562,46076300
2025-09-29,253.4936065673828,254.42999267578125,255.0,253.00999450683594,254.55999755859375,40127700
2025-09-30,253.69287109375,254.6300048828125,255.9199981689453,253.11000061035156,254.86000061035156,37704300
2025-10-01,254.5098419189453,255.4499969482422,258.7900085449219,254.92999267578125,255.0399932861328,48713900
2025-10-02,256.18365478515625,257.1300048828125,258.17999267578125,254.14999389648438,256.5799865722656,42630200
2025-10-03,257.07037353515625,258.0199890136719,259.239990234375,253.9499969482422,254.6699981689453,49155600
2025-10-06,255.74526977539062,256.69000244140625,259.07000732421875,255.0500030517578,257.989990234375,44664100
2025-10-07,255.53607177734375,256.4800109863281,257.3999938964844,255.42999267578125,256.80999755859375,31955800
2025-10-08,257.1102600097656,258.05999755859375,258.5199890136719,256.1099853515625,256.5199890136719,36496900
2025-10-09,253.10501098632812,254.0399932861328,258.0,253.13999938964844,257.80999755859375,38322000
2025-10-10,244.36732482910156,245.27000427246094,256.3800048828125,244.0,254.94000244140625,61999100
2025-10-13,246.74851989746094,247.66000366210938,249.69000244140625,245.55999755859375,249.3800048828125,38142900
2025-10-14,246.8581085205078,247.77000427246094,248.85000610351562,244.6999969482422,246.60000610351562,35478000
2025-10-15,248.42233276367188,249.33999633789062,251.82000732421875,247.47000122070312,249.49000549316406,33893600
2025-10-16,246.53927612304688,247.4499969482422,249.0399932861328,245.1300048828125,248.25,39777000
2025-10-17,251.36146545410156,252.2899932861328,253.3800048828125,247.27000427246094,248.02000427246094,49147000
2025-10-20,261.27484130859375,262.239990234375,264.3800048828125,255.6300048828125,255.88999938964844,90483000
2025-10-21,261.8028869628906,262.7699890136719,265.2900085449219,261.8299865722656,261.8800048828125,46695900
2025-10-22,257.4988098144531,258.45001220703125,262.8500061035156,255.42999267578125,262.6499938964844,45015300
2025-10-23,258.6246032714844,259.5799865722656,260.6199951171875,258.010009765625,259.94000244140625,32754900
2025-10-24,261.85272216796875,262.82000732421875,264.1300048828125,259.17999267578125,261.19000244140625,38253700
2025-10-27,267.8206481933594,268.80999755859375,269.1199951171875,264.6499938964844,264.8800048828125,44888200
2025-10-28,268.00994873046875,269.0,269.8900146484375,268.1499938964844,268.989990234375,41534800
2025-10-29,268.7073974609375,269.70001220703125,271.4100036621094,267.1099853515625,269.2799987792969,51086700
2025-10-30,270.401123046875,271.3999938964844,274.1400146484375,268.4800109863281,271.989990234375,69886500
2025-10-31,269.3749084472656,270.3699951171875,277.32000732421875,269.1600036621094,276.989990234375,86167100
2025-11-03,268.0597839355469,269.04998779296875,270.8500061035156,266.25,270.4200134277344,50194600
2025-11-04,269.0461730957031,270.0400085449219,271.489990234375,267.6199951171875,268.3299865722656,49274800
2025-11-05,269.1457824707031,270.1400146484375,271.70001220703125,266.92999267578125,268.6099853515625,43683100
2025-11-06,268.7771301269531,269.7699890136719,273.3999938964844,267.8900146484375,267.8900146484375,51204000
2025-11-07,267.48193359375,268.4700012207031,272.2900085449219,266.7699890136719,269.79998779296875,48227400
2025-11-10,268.6985778808594,269.42999267578125,273.7300109863281,267.4599914550781,268.9599914550781,41312400
2025-11-11,274.5028076171875,275.25,275.9100036621094,269.79998779296875,269.80999755859375,46208300
2025-11-12,272.7276916503906,273.4700012207031,275.7300109863281,271.70001220703125,275.0,48398000
2025-11-13,272.20904541015625,272.95001220703125,276.70001220703125,272.0899963378906,274.1099853515625,49602800
2025-11-14,271.6705322265625,272.4100036621094,275.9599914550781,269.6000061035156,271.04998779296875,47431300
2025-11-17,266.73394775390625,267.4599914550781,270.489990234375,265.7300109863281,268.82000732421875,45018300
2025-11-18,266.7139892578125,267.44000244140625,270.7099914550781,265.32000732421875,269.989990234375,45677300
2025-11-19,267.83099365234375,268.55999755859375,272.2099914550781,265.5,265.5299987792969,40424500
2025-11-20,265.5272521972656,266.25,275.42999267578125,265.9200134277344,270.8299865722656,45823600
2025-11-21,270.75299072265625,271.489990234375,273.3299865722656,265.6700134277344,265.95001220703125,59030800
2025-11-24,275.1710205078125,275.9200134277344,277.0,270.8999938964844,270.8999938964844,65585800
2025-11-25,276.2181396484375,276.9700012207031,280.3800048828125,275.25,275.2699890136719,46914200
2025-11-26,276.7966003417969,277.54998779296875,279.5299987792969,276.6300048828125,276.9599914550781,33431400
2025-11-28,278.0930480957031,278.8500061035156,279.0,275.989990234375,277.260009765625,20135600
2025-12-01,282.3315124511719,283.1000061035156,283.4200134277344,276.1400146484375,278.010009765625,46587700
2025-12-02,285.4131164550781,286.19000244140625,287.3999938964844,282.6300048828125,283.0,53669500
2025-12-03,283.378662109375,284.1499938964844,288.6199951171875,283.29998779296875,286.20001220703125,43538700
2025-12-04,279.9380187988281,280.70001220703125,284.7300109863281,278.5899963378906,284.1000061035156,43989100
2025-12-05,278.0232238769531,278.7799987792969,281.1400146484375,278.04998779296875,280.5400085449219,47265800
2025-12-08,277.1356506347656,277.8900146484375,279.6700134277344,276.1499938964844,278.1300048828125,38211800
2025-12-09,276.4275817871094,277.17999267578125,280.0299987792969,276.9200134277344,278.1600036621094,32193300
2025-12-10,278.0232238769531,278.7799987792969,279.75,276.44000244140625,277.75,33038300
2025-12-11,277.2752685546875,278.0299987792969,279.5899963378906,273.80999755859375,279.1000061035156,33248000
2025-12-12,277.5245666503906,278.2799987792969,279.2200012207031,276.82000732421875,277.8999938964844,39532900
2025-12-15,273.3658752441406,274.1099853515625,280.1499938964844,272.8399963378906,280.1499938964844,50409100
2025-12-16,273.8645324707031,274.6099853515625,275.5,271.7900085449219,272.82000732421875,37648600
2025-12-17,271.10205078125,271.8399963378906,276.1600036621094,271.6400146484375,275.010009765625,50138700
2025-12-18,271.4511413574219,272.19000244140625,273.6300048828125,266.95001220703125,273.6099853515625,51630700
2025-12-19,272.9271240234375,273.6700134277344,274.6000061035156,269.8999938964844,272.1499938964844,144632000
2025-12-22,270.23443603515625,270.9700012207031,273.8800048828125,270.510009765625,272.8599853515625,36571800
2025-12-23,271.62066650390625,272.3599853515625,272.5,269.55999755859375,270.8399963378906,29642000
2025-12-24,273.06671142578125,273.80999755859375,275.42999267578125,272.20001220703125,272.3399963378906,17910600
2025-12-26,272.6578674316406,273.3999938964844,275.3699951171875,272.8599853515625,274.1600036621094,21521800
2025-12-29,273.0168762207031,273.760009765625,274.3599853515625,272.3500061035156,272.69000244140625,23715200
2025-12-30,272.33868408203125,273.0799865722656,274.0799865722656,272.2799987792969,272.80999755859375,22139600
2025-12-31,271.12200927734375,271.8599853515625,273.67999267578125,271.75,273.05999755859375,27293600
